source,prompt_idx,prompt_token_count,phase,metric,n,mean,median,p10,p90,min,max
value_pre-c4_len1024-prefill-hidden-tokens32,0,982,prefill,value_pre_norm,2232,15.979467319010833,12.479421615600586,1.9578519701957704,30.988619041442877,1.0056440830230713,110.69461822509766
value_pre-c4_len1024-prefill-hidden-tokens32,0,982,prefill,value_pre_para_perp_ratio,2232,0.47460716947292286,0.4767078310251236,0.23449927419424058,0.7090968906879425,0.02778806909918785,1.1108683347702026
value_pre-c4_len1024-prefill-hidden-tokens32,0,982,prefill,value_pre_para_ratio,2232,0.41554584463324207,0.4303142200395008,0.22830601423277458,0.5784319626076939,0.02777734601917108,0.7432214813862765
value_pre-c4_len1024-prefill-hidden-tokens32,0,982,prefill,value_pre_perp_ratio,2232,0.8979468088832039,0.9026791603695596,0.8157305246825601,0.9735894434252534,0.6690454835052426,0.9996141326514751
value_pre-c4_len1024-prefill-hidden-tokens32,0,982,prefill,value_pre_self_alignment,2232,0.4155209546167684,0.43031418323516846,0.22830599993467332,0.5784320950508117,-0.02777734398841858,0.7432215213775635
value_pre-c4_len1024-prefill-hidden-tokens32,0,982,prefill,value_pre_self_value_norm,2232,58.45736047871224,32.1775016784668,6.45729913711548,158.56425933837897,1.2972720861434937,453.466796875
value_pre-c4_len1024-prefill-hidden-tokens32,1,1112,prefill,value_pre_norm,2520,17.42714951686443,13.352970600128174,2.233628797531128,34.68349151611328,1.0401614904403687,102.83976745605469
value_pre-c4_len1024-prefill-hidden-tokens32,1,1112,prefill,value_pre_para_perp_ratio,2520,0.5109695650141922,0.5139530003070831,0.2722292125225067,0.7483630180358887,0.00944053940474987,1.0462859869003296
value_pre-c4_len1024-prefill-hidden-tokens32,1,1112,prefill,value_pre_para_ratio,2520,0.44185245466234657,0.4571139833645639,0.26267008112510304,0.5991608709938981,0.009440117952232508,0.7229162706944509
value_pre-c4_len1024-prefill-hidden-tokens32,1,1112,prefill,value_pre_perp_ratio,2520,0.8860343596218592,0.8894081244835065,0.8006286499802948,0.9648857224697536,0.6909356156348476,0.9999554040967347
value_pre-c4_len1024-prefill-hidden-tokens32,1,1112,prefill,value_pre_self_alignment,2520,0.44182832680443035,0.45711396634578705,0.26267007291316985,0.5991608440876007,-0.030401866883039474,0.7229163646697998
value_pre-c4_len1024-prefill-hidden-tokens32,1,1112,prefill,value_pre_self_value_norm,2520,59.41545093296066,32.417829513549805,7.047544622421265,163.2455383300781,1.3764643669128418,426.32257080078125
value_pre-c4_len1024-prefill-hidden-tokens32,2,956,prefill,value_pre_norm,2160,17.030490216778386,13.25977897644043,2.2056165456771852,32.44309730529788,1.039456844329834,135.818603515625
value_pre-c4_len1024-prefill-hidden-tokens32,2,956,prefill,value_pre_para_perp_ratio,2160,0.48991069017599026,0.49158477783203125,0.24265805035829546,0.7381293892860413,0.04600438475608826,1.0526351928710938
value_pre-c4_len1024-prefill-hidden-tokens32,2,956,prefill,value_pre_para_ratio,2160,0.42558953479646155,0.44116175212874165,0.23581463082856777,0.5938700664875464,0.045955781001635956,0.725000528766048
value_pre-c4_len1024-prefill-hidden-tokens32,2,956,prefill,value_pre_perp_ratio,2160,0.8926260861708827,0.897427601245623,0.8045609338699604,0.9717980751689818,0.6887481752462492,0.9989434713201838
value_pre-c4_len1024-prefill-hidden-tokens32,2,956,prefill,value_pre_self_alignment,2160,0.42558953363482876,0.44116173684597015,0.2358146756887436,0.5938700437545776,0.045955780893564224,0.7250005602836609
value_pre-c4_len1024-prefill-hidden-tokens32,2,956,prefill,value_pre_self_value_norm,2160,65.67298819648998,33.16987991333008,6.755949783325195,173.9820159912111,1.3460837602615356,673.8373413085938
value_pre-c4_len1024-prefill-hidden-tokens32,3,902,prefill,value_pre_norm,2052,17.710958287323194,11.495173931121826,2.2124420642852782,37.97567481994629,1.019386887550354,133.30776977539062
value_pre-c4_len1024-prefill-hidden-tokens32,3,902,prefill,value_pre_para_perp_ratio,2052,0.48449099985210925,0.48261916637420654,0.23484621942043307,0.7268535137176514,0.03818539157509804,1.120394229888916
value_pre-c4_len1024-prefill-hidden-tokens32,3,902,prefill,value_pre_para_ratio,2052,0.4214465294833228,0.43464712650433635,0.22862612452337458,0.5879498801291965,0.03815758257117651,0.7460541657328191
value_pre-c4_len1024-prefill-hidden-tokens32,3,902,prefill,value_pre_perp_ratio,2052,0.8943623385050018,0.9006007365797188,0.808897347867506,0.9735143231530483,0.6658854291448018,0.9992716963594668
value_pre-c4_len1024-prefill-hidden-tokens32,3,902,prefill,value_pre_self_alignment,2052,0.42144652920254083,0.4346471279859543,0.22862612903118137,0.5879498779773712,0.03815758228302002,0.7460540533065796
value_pre-c4_len1024-prefill-hidden-tokens32,3,902,prefill,value_pre_self_value_norm,2052,68.6062783507692,30.091139793395996,6.6382176876068115,199.5954421997071,1.2528170347213745,551.1363525390625
value_pre-c4_len1024-prefill-hidden-tokens32,4,954,prefill,value_pre_norm,2160,16.62520782025876,13.11001443862915,1.9748446941375732,33.25430183410646,0.7734532952308655,192.97427368164062
value_pre-c4_len1024-prefill-hidden-tokens32,4,954,prefill,value_pre_para_perp_ratio,2160,0.5116065993680861,0.5167441070079803,0.23985862731933594,0.7458242416381836,0.040179844945669174,2.2792153358459473
value_pre-c4_len1024-prefill-hidden-tokens32,4,954,prefill,value_pre_para_ratio,2160,0.43873046159795775,0.4590742970251305,0.23324294909645166,0.5978555642625136,0.040147453750380376,0.9157373742121183
value_pre-c4_len1024-prefill-hidden-tokens32,4,954,prefill,value_pre_perp_ratio,2160,0.8852887340141422,0.8883978251484042,0.8016038362173894,0.9724184459852526,0.40177747870854863,0.999193835119493
value_pre-c4_len1024-prefill-hidden-tokens32,4,954,prefill,value_pre_self_alignment,2160,0.4386521255252538,0.45907431840896606,0.23324296027421954,0.5978555858135224,-0.08460323512554169,0.9157372713088989
value_pre-c4_len1024-prefill-hidden-tokens32,4,954,prefill,value_pre_self_value_norm,2160,56.80934053099266,31.927749633789062,5.91712565422058,152.19145660400392,0.8849920034408569,389.0942077636719
value_pre-c4_len1024-prefill-hidden-tokens32,5,1135,prefill,value_pre_norm,2556,16.546424072533146,12.784929275512695,2.127249836921692,32.95209503173828,1.0503525733947754,155.89105224609375
value_pre-c4_len1024-prefill-hidden-tokens32,5,1135,prefill,value_pre_para_perp_ratio,2556,0.5048993795192677,0.5088501870632172,0.243907630443573,0.7533223330974579,0.01002062764018774,1.140108346939087
value_pre-c4_len1024-prefill-hidden-tokens32,5,1135,prefill,value_pre_para_ratio,2556,0.4354118512660434,0.4535126276758214,0.23696096118422338,0.6016968836292843,0.010020124513893414,0.7517901987635423
value_pre-c4_len1024-prefill-hidden-tokens32,5,1135,prefill,value_pre_perp_ratio,2556,0.8872279173089477,0.8912497955376788,0.7987244162784239,0.9715192428056083,0.6594023852816104,0.9999497735630558
value_pre-c4_len1024-prefill-hidden-tokens32,5,1135,prefill,value_pre_self_alignment,2556,0.43537246683140246,0.45351266860961914,0.23696096241474152,0.6016968786716461,-0.028590356931090355,0.7517902255058289
value_pre-c4_len1024-prefill-hidden-tokens32,5,1135,prefill,value_pre_self_value_norm,2556,59.651186382173556,32.25034713745117,6.44264030456543,163.09466552734375,1.3032848834991455,508.3047790527344
value_pre-c4_len1024-prefill-hidden-tokens32,6,968,prefill,value_pre_norm,2196,16.894840866273,12.516042232513428,2.1561505794525146,33.69528388977051,1.040365219116211,148.30728149414062
value_pre-c4_len1024-prefill-hidden-tokens32,6,968,prefill,value_pre_para_perp_ratio,2196,0.4973166675378105,0.49808767437934875,0.2523180693387985,0.726990818977356,0.024223072454333305,1.1056573390960693
value_pre-c4_len1024-prefill-hidden-tokens32,6,968,prefill,value_pre_para_ratio,2196,0.43193549411234333,0.44584368820481324,0.2446503416040418,0.5880225094624287,0.024215968347058865,0.7416548188330508
value_pre-c4_len1024-prefill-hidden-tokens32,6,968,prefill,value_pre_perp_ratio,2196,0.8905764684549323,0.895110852179497,0.8088445156091111,0.9696112445534166,0.6707817796078352,0.9997067245695593
value_pre-c4_len1024-prefill-hidden-tokens32,6,968,prefill,value_pre_self_alignment,2196,0.4319354945162688,0.4458436965942383,0.24465034157037735,0.5880225598812103,0.024215973913669586,0.7416548132896423
value_pre-c4_len1024-prefill-hidden-tokens32,6,968,prefill,value_pre_self_value_norm,2196,61.12708726481879,32.00563716888428,7.0106589794158936,164.40032196044922,1.4048686027526855,468.6944885253906
value_pre-c4_len1024-prefill-hidden-tokens32,7,938,prefill,value_pre_norm,2124,16.85648148070509,12.960286140441895,2.038636255264282,32.88722915649414,0.744260311126709,118.53894805908203
value_pre-c4_len1024-prefill-hidden-tokens32,7,938,prefill,value_pre_para_perp_ratio,2124,0.4964685068271086,0.49579453468322754,0.2573689043521881,0.7305486142635346,0.03442580997943878,1.4621227979660034
value_pre-c4_len1024-prefill-hidden-tokens32,7,938,prefill,value_pre_para_ratio,2124,0.4312121520423395,0.4441968134965797,0.24924635896044361,0.5899003326608202,0.03440543164488063,0.825412353038209
value_pre-c4_len1024-prefill-hidden-tokens32,7,938,prefill,value_pre_perp_ratio,2124,0.8909468627820072,0.8959292303762926,0.8074759667040363,0.96844011084871,0.5645300958855634,0.9994080138620449
value_pre-c4_len1024-prefill-hidden-tokens32,7,938,prefill,value_pre_self_alignment,2124,0.4312121514985145,0.44419676065444946,0.24924634099006654,0.5899003505706787,0.0344054289162159,0.8254124522209167
value_pre-c4_len1024-prefill-hidden-tokens32,7,938,prefill,value_pre_self_value_norm,2124,61.03084650961244,33.08015060424805,6.58271279335022,162.0869857788086,0.839323103427887,537.827880859375
value_pre-c4_len128-prefill-hidden-tokens32,0,144,prefill,value_pre_norm,324,16.346865940977025,12.268067359924316,2.3895025968551646,32.99684638977051,1.14003586769104,85.19558715820312
value_pre-c4_len128-prefill-hidden-tokens32,0,144,prefill,value_pre_para_perp_ratio,324,0.5555297138606324,0.5514063537120819,0.31175466179847716,0.8074684500694274,0.150857612490654,0.995384156703949
value_pre-c4_len128-prefill-hidden-tokens32,0,144,prefill,value_pre_para_ratio,324,0.47239358717245955,0.48286389353101233,0.2976262700362866,0.6282284394834915,0.14916976633032342,0.705469148564396
value_pre-c4_len128-prefill-hidden-tokens32,0,144,prefill,value_pre_perp_ratio,324,0.8708892174057246,0.8756953001714991,0.7780267537188008,0.9546820140215608,0.7087405813259817,0.9888116894187581
value_pre-c4_len128-prefill-hidden-tokens32,0,144,prefill,value_pre_self_alignment,324,0.4723935875075835,0.4828639030456543,0.29762628078460696,0.6282284438610076,0.14916977286338806,0.7054692506790161
value_pre-c4_len128-prefill-hidden-tokens32,0,144,prefill,value_pre_self_value_norm,324,61.791136891385655,32.90848922729492,7.19524393081665,161.96605377197267,1.755787968635559,373.78582763671875
value_pre-c4_len128-prefill-hidden-tokens32,1,113,prefill,value_pre_norm,288,16.64751241935624,12.393077850341797,2.062043595314026,34.79373130798341,1.1042022705078125,76.88990783691406
value_pre-c4_len128-prefill-hidden-tokens32,1,113,prefill,value_pre_para_perp_ratio,288,0.46550122852851117,0.47296349704265594,0.23364040553569795,0.6834265232086182,0.11362180858850479,0.816972017288208
value_pre-c4_len128-prefill-hidden-tokens32,1,113,prefill,value_pre_para_ratio,288,0.411167003707412,0.42755361763043276,0.22751304798082572,0.5642426740413742,0.1128954170978959,0.6326764260159864
value_pre-c4_len128-prefill-hidden-tokens32,1,113,prefill,value_pre_perp_ratio,288,0.9018874425565758,0.903989552325962,0.8256087838311632,0.9737748207325728,0.7744162585575887,0.9936069557839255
value_pre-c4_len128-prefill-hidden-tokens32,1,113,prefill,value_pre_self_alignment,288,0.4111670077416218,0.42755362391471863,0.22751305401325228,0.5642427146434784,0.1128954142332077,0.6326764822006226
value_pre-c4_len128-prefill-hidden-tokens32,1,113,prefill,value_pre_self_value_norm,288,59.91508122492168,31.829185485839844,6.5241709709167495,162.60490570068362,1.3457112312316895,400.6855163574219
value_pre-c4_len128-prefill-hidden-tokens32,2,121,prefill,value_pre_norm,288,15.461893838312891,11.313408851623535,2.103794574737549,28.825001525878946,1.0946348905563354,91.06265258789062
value_pre-c4_len128-prefill-hidden-tokens32,2,121,prefill,value_pre_para_perp_ratio,288,0.49531889166165555,0.5003122985363007,0.2501413568854332,0.7102797091007234,0.07093081623315811,0.8777906894683838
value_pre-c4_len128-prefill-hidden-tokens32,2,121,prefill,value_pre_para_ratio,288,0.4313179728272857,0.4474369920284286,0.24266429827476088,0.5790705494591126,0.07075305151245045,0.659691615938615
value_pre-c4_len128-prefill-hidden-tokens32,2,121,prefill,value_pre_perp_ratio,288,0.8912022759932778,0.8943154269443618,0.8152753133643731,0.9701097567017852,0.7515363732181544,0.9974938384550109
value_pre-c4_len128-prefill-hidden-tokens32,2,121,prefill,value_pre_self_alignment,288,0.4313179726143264,0.44743700325489044,0.2426643043756485,0.5790705800056458,0.0707530528306961,0.6596916913986206
value_pre-c4_len128-prefill-hidden-tokens32,2,121,prefill,value_pre_self_value_norm,288,61.64327890177568,31.164523124694824,6.044479036331177,167.63823394775392,1.6955881118774414,430.6261901855469
value_pre-c4_len128-prefill-hidden-tokens32,3,103,prefill,value_pre_norm,252,15.310529180462398,11.556249618530273,1.9869466781616212,30.10601978302002,1.1116124391555786,86.15213012695312
value_pre-c4_len128-prefill-hidden-tokens32,3,103,prefill,value_pre_para_perp_ratio,252,0.5166038347496873,0.5097933709621429,0.3022662103176117,0.7768970429897308,0.1349892020225525,1.0025397539138794
value_pre-c4_len128-prefill-hidden-tokens32,3,103,prefill,value_pre_para_ratio,252,0.44569903624299845,0.4541790292314753,0.28933696577948614,0.613505993572297,0.13377586249870524,0.7080029989764923
value_pre-c4_len128-prefill-hidden-tokens32,3,103,prefill,value_pre_perp_ratio,252,0.8844676393276921,0.8909096455374761,0.7896892205304114,0.9572267309572323,0.7062094257644043,0.9910115966350173
value_pre-c4_len128-prefill-hidden-tokens32,3,103,prefill,value_pre_self_alignment,252,0.44569904008318506,0.4541790187358856,0.2893369555473328,0.613506019115448,0.13377586007118225,0.708003044128418
value_pre-c4_len128-prefill-hidden-tokens32,3,103,prefill,value_pre_self_value_norm,252,59.90121237247709,31.343326568603516,6.93839840888977,162.98135681152343,1.687408208847046,324.2784423828125
value_pre-c4_len128-prefill-hidden-tokens32,4,126,prefill,value_pre_norm,288,16.205345994068516,11.174013614654541,2.0649896621704107,33.18475799560549,1.1137826442718506,116.26919555664062
value_pre-c4_len128-prefill-hidden-tokens32,4,126,prefill,value_pre_para_perp_ratio,288,0.5092375843992664,0.5100287199020386,0.2705304682254791,0.7568459451198578,0.12598997354507446,1.0294687747955322
value_pre-c4_len128-prefill-hidden-tokens32,4,126,prefill,value_pre_para_ratio,288,0.43945341592136516,0.4543451103807116,0.2611426871992317,0.6034878874669287,0.12500177319961447,0.717298652689139
value_pre-c4_len128-prefill-hidden-tokens32,4,126,prefill,value_pre_perp_ratio,288,0.8863762263430518,0.8908246872332901,0.7973721584666933,0.9652996728496954,0.6967658186828686,0.9921565027876215
value_pre-c4_len128-prefill-hidden-tokens32,4,126,prefill,value_pre_self_alignment,288,0.4394534182631307,0.45434513688087463,0.26114270091056824,0.6034879148006439,0.12500177323818207,0.7172986268997192
value_pre-c4_len128-prefill-hidden-tokens32,4,126,prefill,value_pre_self_value_norm,288,60.98005673579044,31.84358787536621,5.8167780399322515,171.23409729003907,1.3319061994552612,358.82940673828125
value_pre-c4_len128-prefill-hidden-tokens32,5,108,prefill,value_pre_norm,252,15.747998781147457,12.452479839324951,2.2514723062515256,30.981881904602055,1.0897942781448364,87.73956298828125
value_pre-c4_len128-prefill-hidden-tokens32,5,108,prefill,value_pre_para_perp_ratio,252,0.47460211652223877,0.48068779706954956,0.23219464719295502,0.7305263638496399,0.002214971696957946,0.9414525032043457
value_pre-c4_len128-prefill-hidden-tokens32,5,108,prefill,value_pre_para_ratio,252,0.41406271334826256,0.4332348109259706,0.22617723362027775,0.5898887123923259,0.0022149662532370737,0.6854712689586409
value_pre-c4_len128-prefill-hidden-tokens32,5,108,prefill,value_pre_perp_ratio,252,0.8976501717073352,0.9012811328223929,0.8074844823743276,0.9740855772681645,0.7280996667312175,0.9999975533584715
value_pre-c4_len128-prefill-hidden-tokens32,5,108,prefill,value_pre_self_alignment,252,0.4140627118980601,0.433234766125679,0.22617724388837815,0.5898887038230896,0.002214968204498291,0.6854714155197144
value_pre-c4_len128-prefill-hidden-tokens32,5,108,prefill,value_pre_self_value_norm,252,68.21208741314827,33.41140365600586,6.826729249954224,191.63209533691412,1.7557880878448486,534.961669921875
value_pre-c4_len128-prefill-hidden-tokens32,6,110,prefill,value_pre_norm,252,16.145512731302354,11.52583646774292,1.8221335768699647,36.22557029724121,1.0880376100540161,79.97055053710938
value_pre-c4_len128-prefill-hidden-tokens32,6,110,prefill,value_pre_para_perp_ratio,252,0.5084870455875283,0.5000081062316895,0.28376279175281527,0.7410263299942016,0.07182954251766205,1.0190452337265015
value_pre-c4_len128-prefill-hidden-tokens32,6,110,prefill,value_pre_para_ratio,252,0.4404242907553207,0.4472186577159233,0.2729841672468427,0.5953754646757989,0.07164495150386865,0.7137450403022488
value_pre-c4_len128-prefill-hidden-tokens32,6,110,prefill,value_pre_perp_ratio,252,0.8871732553026426,0.8944240245463573,0.8034474750294367,0.9620174687887458,0.7004056451350309,0.9974301573146588
value_pre-c4_len128-prefill-hidden-tokens32,6,110,prefill,value_pre_self_alignment,252,0.4404242906187262,0.447218656539917,0.2729841709136963,0.5953754544258117,0.07164494693279266,0.7137449979782104
value_pre-c4_len128-prefill-hidden-tokens32,6,110,prefill,value_pre_self_value_norm,252,59.868710116261525,30.961501121520996,6.121136951446534,166.51971740722658,1.7296921014785767,347.658935546875
value_pre-c4_len128-prefill-hidden-tokens32,7,104,prefill,value_pre_norm,252,15.590719525776212,11.71468734741211,2.2833306312561037,34.06713523864747,1.095604658126831,66.21147918701172
value_pre-c4_len128-prefill-hidden-tokens32,7,104,prefill,value_pre_para_perp_ratio,252,0.4925666983934149,0.5025540590286255,0.23398295044898987,0.7270747721195221,0.08945999294519424,0.8685494661331177
value_pre-c4_len128-prefill-hidden-tokens32,7,104,prefill,value_pre_para_ratio,252,0.42809431379903956,0.4490362905976052,0.22782942203174825,0.5880669122573525,0.08910415401646161,0.6557418556130101
value_pre-c4_len128-prefill-hidden-tokens32,7,104,prefill,value_pre_perp_ratio,252,0.891641720347788,0.8935118314745882,0.8088122664416484,0.9737010315411971,0.7549850671959086,0.9960223294165734
value_pre-c4_len128-prefill-hidden-tokens32,7,104,prefill,value_pre_self_alignment,252,0.42809431278516374,0.44903630018234253,0.2278294250369072,0.5880668938159943,0.08910414576530457,0.6557419300079346
value_pre-c4_len128-prefill-hidden-tokens32,7,104,prefill,value_pre_self_value_norm,252,56.50455072001805,30.640538215637207,5.899400901794435,160.48462371826173,1.3461356163024902,409.41009521484375
value_pre-c4_len2048-prefill-hidden-tokens32,0,1934,prefill,value_pre_norm,4356,17.8589906654602,13.669546604156494,2.068096160888672,35.64975929260254,0.8168871998786926,141.834228515625
value_pre-c4_len2048-prefill-hidden-tokens32,0,1934,prefill,value_pre_para_perp_ratio,4356,0.5057377691711645,0.5103013217449188,0.2502187639474869,0.7485302984714508,0.01964190974831581,1.2997912168502808
value_pre-c4_len2048-prefill-hidden-tokens32,0,1934,prefill,value_pre_para_ratio,4356,0.43660351041692735,0.45453907546086025,0.24273534800271002,0.5992466800479364,0.019638120622146007,0.7925766798111544
value_pre-c4_len2048-prefill-hidden-tokens32,0,1934,prefill,value_pre_perp_ratio,4356,0.8872051092381935,0.8907267885896138,0.800564421240192,0.9700925041781969,0.6097723266431585,0.9998071088518858
value_pre-c4_len2048-prefill-hidden-tokens32,0,1934,prefill,value_pre_self_alignment,4356,0.4366035105034545,0.4545390456914902,0.242735356092453,0.5992466807365417,0.019638117402791977,0.7925766706466675
value_pre-c4_len2048-prefill-hidden-tokens32,0,1934,prefill,value_pre_self_value_norm,4356,62.12014268123852,32.99234962463379,6.550797462463379,167.92002868652344,0.9403376579284668,576.2423095703125
value_pre-c4_len2048-prefill-hidden-tokens32,1,2265,prefill,value_pre_norm,5112,16.75686042479506,13.425563335418701,2.072813057899475,32.053173446655286,0.7819430828094482,140.01856994628906
value_pre-c4_len2048-prefill-hidden-tokens32,1,2265,prefill,value_pre_para_perp_ratio,5112,0.4983720293415948,0.5014460682868958,0.23925769925117493,0.7441481113433838,0.002038045786321163,1.3394496440887451
value_pre-c4_len2048-prefill-hidden-tokens32,1,2265,prefill,value_pre_para_ratio,5112,0.4309715626608066,0.448247424780959,0.23269028756922486,0.5969911734908147,0.0020380414382389998,0.8013154006431212
value_pre-c4_len2048-prefill-hidden-tokens32,1,2265,prefill,value_pre_perp_ratio,5112,0.8895564840584912,0.8939095302586432,0.802247776290686,0.9725508656867239,0.5982422493098707,0.9999978926931982
value_pre-c4_len2048-prefill-hidden-tokens32,1,2265,prefill,value_pre_self_alignment,5112,0.43096989972705635,0.44824741780757904,0.23269030004739763,0.5969912230968475,-0.0042498428374528885,0.8013153076171875
value_pre-c4_len2048-prefill-hidden-tokens32,1,2265,prefill,value_pre_self_value_norm,5112,61.69280681345198,32.718116760253906,6.565834712982178,164.31851654052744,0.9071805477142334,626.5011596679688
value_pre-c4_len2048-prefill-hidden-tokens32,2,2069,prefill,value_pre_norm,4680,17.736188078894575,13.217817783355713,2.1491891860961916,39.69573822021486,0.7172008752822876,138.48899841308594
value_pre-c4_len2048-prefill-hidden-tokens32,2,2069,prefill,value_pre_para_perp_ratio,4680,0.512926185783944,0.5100570321083069,0.25845921933650967,0.7698000431060793,0.003464920213446021,1.2060519456863403
value_pre-c4_len2048-prefill-hidden-tokens32,2,2069,prefill,value_pre_para_ratio,4680,0.44088692814055797,0.45436640988802535,0.25023626824524375,0.6099940880224398,0.0034648996204289123,0.7698021168890934
value_pre-c4_len2048-prefill-hidden-tokens32,2,2069,prefill,value_pre_perp_ratio,4680,0.8847024588959272,0.8908149254536079,0.7924058915658836,0.9681847704058714,0.6382826950282081,0.9999940837729725
value_pre-c4_len2048-prefill-hidden-tokens32,2,2069,prefill,value_pre_self_alignment,4680,0.4408829600111438,0.45436643064022064,0.25023627281188965,0.6099940955638886,-0.00581838795915246,0.7698020935058594
value_pre-c4_len2048-prefill-hidden-tokens32,2,2069,prefill,value_pre_self_value_norm,4680,60.97103033849062,31.23007583618164,6.777536869049073,165.82242126464845,0.7936301827430725,596.5699462890625
value_pre-c4_len2048-prefill-hidden-tokens32,3,2180,prefill,value_pre_norm,4932,17.4974304293339,13.276525020599365,2.009015440940857,35.74505348205569,0.8407347202301025,190.11119079589844
value_pre-c4_len2048-prefill-hidden-tokens32,3,2180,prefill,value_pre_para_perp_ratio,4932,0.5139316400537224,0.5171005129814148,0.2501599133014679,0.7678109347820284,0.011246053501963615,1.7098957300186157
value_pre-c4_len2048-prefill-hidden-tokens32,3,2180,prefill,value_pre_para_ratio,4932,0.4414700437127638,0.459324188744353,0.24268163191398998,0.609002987214644,0.011245342931783532,0.8632156800328868
value_pre-c4_len2048-prefill-hidden-tokens32,3,2180,prefill,value_pre_perp_ratio,4932,0.8842193569623771,0.8882686958981534,0.7931679256006745,0.9701059504121007,0.5048352594220733,0.9999368003079548
value_pre-c4_len2048-prefill-hidden-tokens32,3,2180,prefill,value_pre_self_alignment,4932,0.4414440499745545,0.4593241512775421,0.24268163740634918,0.609002983570099,-0.06410099565982819,0.8632156848907471
value_pre-c4_len2048-prefill-hidden-tokens32,3,2180,prefill,value_pre_self_value_norm,4932,59.60831287761868,32.006893157958984,6.170396614074707,161.4097366333009,0.9040480852127075,566.6272583007812
value_pre-c4_len2048-prefill-hidden-tokens32,4,1860,prefill,value_pre_norm,4212,17.466547003215762,13.433929443359375,2.096533489227295,35.66172828674316,0.9403696060180664,139.34446716308594
value_pre-c4_len2048-prefill-hidden-tokens32,4,1860,prefill,value_pre_para_perp_ratio,4212,0.5087947504442797,0.5160468816757202,0.24641786962747575,0.7579175472259522,0.020340897142887115,1.1031675338745117
value_pre-c4_len2048-prefill-hidden-tokens32,4,1860,prefill,value_pre_para_ratio,4212,0.43831905979096686,0.4585852845831381,0.23926075809702135,0.6040307123254013,0.020336691620265242,0.740901885184853
value_pre-c4_len2048-prefill-hidden-tokens32,4,1860,prefill,value_pre_perp_ratio,4212,0.8859883669095879,0.8886503852154579,0.7969610015192998,0.9709554011672478,0.6716132278052037,0.9997932389588841
value_pre-c4_len2048-prefill-hidden-tokens32,4,1860,prefill,value_pre_self_alignment,4212,0.43831906001395765,0.45858530700206757,0.23926075249910356,0.6040306866168975,0.020336687564849854,0.7409019470214844
value_pre-c4_len2048-prefill-hidden-tokens32,4,1860,prefill,value_pre_self_value_norm,4212,60.38796629542299,32.373727798461914,6.822031831741333,163.3278594970703,1.3867911100387573,557.88916015625
value_pre-c4_len2048-prefill-hidden-tokens32,5,1817,prefill,value_pre_norm,4104,16.340768959380497,12.900872230529785,2.015416693687439,31.564504432678234,0.7824957966804504,160.18975830078125
value_pre-c4_len2048-prefill-hidden-tokens32,5,1817,prefill,value_pre_para_perp_ratio,4104,0.4847086399324333,0.48871858417987823,0.2398350089788437,0.7153556048870087,0.026001248508691788,1.4926165342330933
value_pre-c4_len2048-prefill-hidden-tokens32,5,1817,prefill,value_pre_para_ratio,4104,0.4230682526551122,0.4390866162522831,0.23322124167671832,0.5818142494482612,0.025992464650811013,0.8307836227031484
value_pre-c4_len2048-prefill-hidden-tokens32,5,1817,prefill,value_pre_perp_ratio,4104,0.8947495822891294,0.8984446852426441,0.8133217332370601,0.9724236696038142,0.5565954772378284,0.9996621907943817
value_pre-c4_len2048-prefill-hidden-tokens32,5,1817,prefill,value_pre_self_alignment,4104,0.4230551293544602,0.4390866756439209,0.23322125077247619,0.5818142056465149,-0.026927821338176727,0.8307836055755615
value_pre-c4_len2048-prefill-hidden-tokens32,5,1817,prefill,value_pre_self_value_norm,4104,60.89315002657052,32.96370887756348,6.673905515670777,162.24912719726564,0.8903432488441467,590.8329467773438
value_pre-c4_len2048-prefill-hidden-tokens32,6,1959,prefill,value_pre_norm,4428,16.557631886829206,12.315314292907715,2.151374435424805,34.58528823852539,1.033051609992981,99.9521255493164
value_pre-c4_len2048-prefill-hidden-tokens32,6,1959,prefill,value_pre_para_perp_ratio,4428,0.5027390854167537,0.5063954889774323,0.2583081126213074,0.7415188968181612,0.00697805592790246,1.1781655550003052
value_pre-c4_len2048-prefill-hidden-tokens32,6,1959,prefill,value_pre_para_ratio,4428,0.43550557793133554,0.4517722834879585,0.25009913755873486,0.5956310490334221,0.006977885524220322,0.7623991489447726
value_pre-c4_len2048-prefill-hidden-tokens32,6,1959,prefill,value_pre_perp_ratio,4428,0.8885517691497836,0.8921332924278426,0.803258147351298,0.9682202243738285,0.6471069677600227,0.999975579046766
value_pre-c4_len2048-prefill-hidden-tokens32,6,1959,prefill,value_pre_self_alignment,4428,0.435502426631079,0.4517723023891449,0.2500991582870483,0.5956310749053956,-0.006977887824177742,0.7623991370201111
value_pre-c4_len2048-prefill-hidden-tokens32,6,1959,prefill,value_pre_self_value_norm,4428,59.67830362027576,30.669876098632812,6.771929216384889,163.06988830566416,1.3713891506195068,520.6387939453125
value_pre-c4_len2048-prefill-hidden-tokens32,7,2061,prefill,value_pre_norm,4644,17.099073097674523,13.355328559875488,2.1001241207122803,34.50160179138183,0.8047396540641785,96.31657409667969
value_pre-c4_len2048-prefill-hidden-tokens32,7,2061,prefill,value_pre_para_perp_ratio,4644,0.5044966484889273,0.5138979554176331,0.24784560054540633,0.744631314277649,0.01045367494225502,1.3382008075714111
value_pre-c4_len2048-prefill-hidden-tokens32,7,2061,prefill,value_pre_para_ratio,4644,0.4357360157406909,0.45707526556510586,0.24056699583724905,0.5972405658600446,0.010453104831141525,0.801047726181105
value_pre-c4_len2048-prefill-hidden-tokens32,7,2061,prefill,value_pre_perp_ratio,4644,0.8876078612278352,0.8894280435291224,0.8020621154963584,0.9706325056832537,0.5986005301241255,0.999945424030976
value_pre-c4_len2048-prefill-hidden-tokens32,7,2061,prefill,value_pre_self_alignment,4644,0.4357315138179703,0.45707525312900543,0.2405670091509819,0.5972405970096588,-0.010453104972839355,0.801047682762146
value_pre-c4_len2048-prefill-hidden-tokens32,7,2061,prefill,value_pre_self_value_norm,4644,59.27530234311543,31.46004295349121,6.655103969573974,160.32529296875,0.8137598633766174,505.5365905761719
value_pre-c4_len512-prefill-hidden-tokens32,0,476,prefill,value_pre_norm,1080,15.569130071335369,12.435928344726562,1.9812050819396974,32.284867477416995,1.0353714227676392,83.454833984375
value_pre-c4_len512-prefill-hidden-tokens32,0,476,prefill,value_pre_para_perp_ratio,1080,0.511707473339306,0.5184003412723541,0.24695700854063035,0.7673751831054687,0.08388114720582962,1.0380549430847168
value_pre-c4_len512-prefill-hidden-tokens32,0,476,prefill,value_pre_para_ratio,1080,0.4400101199755171,0.4602344291524574,0.2397541608631291,0.6087854738216706,0.08358759437610175,0.7201844547823655
value_pre-c4_len512-prefill-hidden-tokens32,0,476,prefill,value_pre_perp_ratio,1080,0.8849689527666542,0.8877973599168105,0.7933348799386631,0.9708336225041113,0.6937826219116198,0.9965003887814344
value_pre-c4_len512-prefill-hidden-tokens32,0,476,prefill,value_pre_self_alignment,1080,0.44001011911917615,0.46023450791835785,0.2397541642189026,0.6087855100631714,0.08358760178089142,0.7201844453811646
value_pre-c4_len512-prefill-hidden-tokens32,0,476,prefill,value_pre_self_value_norm,1080,60.86579079065058,32.15852355957031,6.430425357818604,162.82770538330078,1.687408208847046,555.6023559570312
value_pre-c4_len512-prefill-hidden-tokens32,1,476,prefill,value_pre_norm,1080,14.899183626748897,11.738757133483887,2.040583300590515,28.054598045349124,1.066535472869873,89.2898178100586
value_pre-c4_len512-prefill-hidden-tokens32,1,476,prefill,value_pre_para_perp_ratio,1080,0.47928417197739087,0.4726400822401047,0.2508964896202087,0.7201879918575287,0.0036844108253717422,0.9765839576721191
value_pre-c4_len512-prefill-hidden-tokens32,1,476,prefill,value_pre_para_ratio,1080,0.41910475053333096,0.4273151838793414,0.24335391881107304,0.5844051754469209,0.003684386205695365,0.6986809061795415
value_pre-c4_len512-prefill-hidden-tokens32,1,476,prefill,value_pre_perp_ratio,1080,0.8966235361858588,0.9041027371132705,0.8114619983815873,0.9699375502255931,0.7154335295908636,0.9999933077964172
value_pre-c4_len512-prefill-hidden-tokens32,1,476,prefill,value_pre_self_alignment,1080,0.4191047517395216,0.42731519043445587,0.24335391223430633,0.5844051718711853,0.0036843859124928713,0.6986809372901917
value_pre-c4_len512-prefill-hidden-tokens32,1,476,prefill,value_pre_self_value_norm,1080,61.09677347353211,31.814380645751953,6.614257383346558,166.81906127929688,1.331006646156311,529.8564453125
value_pre-c4_len512-prefill-hidden-tokens32,2,554,prefill,value_pre_norm,1260,17.527861495907345,13.165874481201172,2.342571783065796,34.488582229614266,1.0913357734680176,111.51007843017578
value_pre-c4_len512-prefill-hidden-tokens32,2,554,prefill,value_pre_para_perp_ratio,1260,0.5062688302248717,0.4948495179414749,0.22725623697042466,0.8091219902038576,0.041267406195402145,1.192358374595642
value_pre-c4_len512-prefill-hidden-tokens32,2,554,prefill,value_pre_para_ratio,1260,0.4309057029179728,0.4435166185703664,0.22160579561968077,0.6290094927352312,0.04123230715060716,0.7662049495784463
value_pre-c4_len512-prefill-hidden-tokens32,2,554,prefill,value_pre_perp_ratio,1260,0.8853736514599108,0.8962660349955612,0.7773975960310975,0.9751362732980982,0.6425962169554801,0.9991494637691977
value_pre-c4_len512-prefill-hidden-tokens32,2,554,prefill,value_pre_self_alignment,1260,0.43090570335172945,0.4435166120529175,0.2216058224439621,0.62900949716568,0.04123230278491974,0.7662049531936646
value_pre-c4_len512-prefill-hidden-tokens32,2,554,prefill,value_pre_self_value_norm,1260,67.53632995032129,33.33586311340332,6.637257671356202,188.9711349487306,1.2881004810333252,589.9577026367188
value_pre-c4_len512-prefill-hidden-tokens32,3,461,prefill,value_pre_norm,1044,17.85230815102314,12.030747413635254,2.1957347393035893,39.40150604248048,1.0559128522872925,127.76654052734375
value_pre-c4_len512-prefill-hidden-tokens32,3,461,prefill,value_pre_para_perp_ratio,1044,0.47474265329439863,0.4788796156644821,0.22351389974355695,0.7084526896476746,0.009315438568592072,0.9893770813941956
value_pre-c4_len512-prefill-hidden-tokens32,3,461,prefill,value_pre_para_ratio,1044,0.41521535301412615,0.4319094641024822,0.2181315260068055,0.5780820032592311,0.009315035122573244,0.7033209413930732
value_pre-c4_len512-prefill-hidden-tokens32,3,461,prefill,value_pre_perp_ratio,1044,0.8975996340577423,0.901916816473795,0.8159785147253535,0.9759192837675628,0.7108725022548333,0.9999566637446222
value_pre-c4_len512-prefill-hidden-tokens32,3,461,prefill,value_pre_self_alignment,1044,0.4150845532937125,0.4319094717502594,0.21813153028488158,0.5780819773674011,-0.029426146298646927,0.7033209800720215
value_pre-c4_len512-prefill-hidden-tokens32,3,461,prefill,value_pre_self_value_norm,1044,60.748167940254866,31.694032669067383,6.307054328918457,167.72507629394534,1.3426934480667114,424.2936096191406
value_pre-c4_len512-prefill-hidden-tokens32,4,532,prefill,value_pre_norm,1224,16.998186414245687,11.946186542510986,2.164437365531922,35.12315559387209,0.8103210926055908,144.1691436767578
value_pre-c4_len512-prefill-hidden-tokens32,4,532,prefill,value_pre_para_perp_ratio,1224,0.49126365138035194,0.4993422031402588,0.2523995041847229,0.7169324338436127,0.029574371874332428,1.1135318279266357
value_pre-c4_len512-prefill-hidden-tokens32,4,532,prefill,value_pre_para_ratio,1224,0.4282709189440981,0.4467427262303641,0.2447246643164513,0.5826616165780875,0.02956144504552245,0.7440174811102722
value_pre-c4_len512-prefill-hidden-tokens32,4,532,prefill,value_pre_perp_ratio,1224,0.8926663940396392,0.8946624548313515,0.8127148572977947,0.9695925467861255,0.6681600800930655,0.9995628808142345
value_pre-c4_len512-prefill-hidden-tokens32,4,532,prefill,value_pre_self_alignment,1224,0.4282709176049513,0.4467426985502243,0.24472467005252838,0.5826615750789642,0.029561441391706467,0.744017481803894
value_pre-c4_len512-prefill-hidden-tokens32,4,532,prefill,value_pre_self_value_norm,1224,59.913262604839275,30.434722900390625,6.7393775463104255,165.3600204467774,0.9125909209251404,408.7156982421875
value_pre-c4_len512-prefill-hidden-tokens32,5,460,prefill,value_pre_norm,1044,16.58626944443275,12.45941686630249,2.1022693634033205,31.45914916992189,1.0080254077911377,110.0677261352539
value_pre-c4_len512-prefill-hidden-tokens32,5,460,prefill,value_pre_para_perp_ratio,1044,0.5030657200230164,0.505808562040329,0.24081798791885378,0.7440827369689942,0.012201816774904728,1.0141624212265015
value_pre-c4_len512-prefill-hidden-tokens32,5,460,prefill,value_pre_para_ratio,1044,0.43459345895374485,0.4513553769123294,0.2341248081983932,0.5969574110244635,0.012200908914458675,0.7120611628972766
value_pre-c4_len512-prefill-hidden-tokens32,5,460,prefill,value_pre_perp_ratio,1044,0.8879022981738997,0.8923443019010739,0.8022729112586047,0.9722065282949874,0.7021174916876448,0.9999256084197722
value_pre-c4_len512-prefill-hidden-tokens32,5,460,prefill,value_pre_self_alignment,1044,0.43459346015862693,0.45135538280010223,0.23412480652332307,0.5969574391841889,0.01220090314745903,0.7120611667633057
value_pre-c4_len512-prefill-hidden-tokens32,5,460,prefill,value_pre_self_value_norm,1044,66.55475842199107,31.82496166229248,6.476573514938355,185.85711669921875,1.2905875444412231,482.8922424316406
value_pre-c4_len512-prefill-hidden-tokens32,6,465,prefill,value_pre_norm,1080,18.696497674562313,12.405153274536133,2.6072683811187742,39.128995513916024,1.0821337699890137,164.8384552001953
value_pre-c4_len512-prefill-hidden-tokens32,6,465,prefill,value_pre_para_perp_ratio,1080,0.4801662465384989,0.4786496162414551,0.24553820937871934,0.7044341206550598,0.042674023658037186,1.1820569038391113
value_pre-c4_len512-prefill-hidden-tokens32,6,465,prefill,value_pre_para_ratio,1080,0.4195391513497385,0.43174075803706213,0.23845529095306775,0.5758927067378915,0.04263522245292207,0.7634505719832482
value_pre-c4_len512-prefill-hidden-tokens32,6,465,prefill,value_pre_perp_ratio,1080,0.8963185702613294,0.9019976430768414,0.8175252748347583,0.9711535174658088,0.6458662016343957,0.9990907663754194
value_pre-c4_len512-prefill-hidden-tokens32,6,465,prefill,value_pre_self_alignment,1080,0.41953915001617537,0.43174076080322266,0.23845527917146683,0.5758927285671235,0.042635224759578705,0.7634506225585938
value_pre-c4_len512-prefill-hidden-tokens32,6,465,prefill,value_pre_self_value_norm,1080,68.53088648771798,30.97304058074951,6.903224658966065,194.36689453125,1.687408208847046,561.9727783203125
value_pre-c4_len512-prefill-hidden-tokens32,7,528,prefill,value_pre_norm,1188,17.406504526784524,13.044832706451416,2.07644305229187,36.274042892456045,1.0527000427246094,150.08447265625
value_pre-c4_len512-prefill-hidden-tokens32,7,528,prefill,value_pre_para_perp_ratio,1188,0.5106146034027328,0.515693187713623,0.25468741059303285,0.7736681997776031,0.0030395789071917534,1.052987813949585
value_pre-c4_len512-prefill-hidden-tokens32,7,528,prefill,value_pre_para_ratio,1188,0.43959897463621644,0.45833698494076436,0.2468082495565605,0.6119132812261161,0.003039564893278204,0.7251157732805742
value_pre-c4_len512-prefill-hidden-tokens32,7,528,prefill,value_pre_perp_ratio,1188,0.8854438002959282,0.8887784824661613,0.7909247548455687,0.9690640054868349,0.6886269679384456,0.9999953895288296
value_pre-c4_len512-prefill-hidden-tokens32,7,528,prefill,value_pre_self_alignment,1188,0.4395938586347238,0.4583369791507721,0.24680824130773543,0.6119132995605469,-0.0030395681969821453,0.7251157760620117
value_pre-c4_len512-prefill-hidden-tokens32,7,528,prefill,value_pre_self_value_norm,1188,61.875335261978286,31.514487266540527,6.741051197052002,162.64436187744138,1.4623955488204956,514.1048583984375
value_pre-prompts-prefill-hidden-tokens32,0,48,prefill,value_pre_norm,108,16.837201831517397,12.488851070404053,2.0565814256668093,34.13194465637207,1.2704819440841675,88.90755462646484
value_pre-prompts-prefill-hidden-tokens32,0,48,prefill,value_pre_para_perp_ratio,108,0.4874708139234119,0.4800439327955246,0.2567136406898498,0.7269211828708648,0.07831481099128723,1.0526766777038574
value_pre-prompts-prefill-hidden-tokens32,0,48,prefill,value_pre_para_ratio,108,0.423938125950308,0.43276322198023354,0.24865105095177303,0.587962795943586,0.07807574940572892,0.7250141647491467
value_pre-prompts-prefill-hidden-tokens32,0,48,prefill,value_pre_perp_ratio,108,0.8941047590642239,0.9015075878785801,0.8088719898974573,0.9685931095265273,0.6887339398432997,0.9969474145957483
value_pre-prompts-prefill-hidden-tokens32,0,48,prefill,value_pre_self_alignment,108,0.4239381264757227,0.4327632039785385,0.2486510679125786,0.5879628121852875,0.07807575166225433,0.7250140905380249
value_pre-prompts-prefill-hidden-tokens32,0,48,prefill,value_pre_self_value_norm,108,62.567856559046994,34.01873779296875,5.9966795444488525,178.85301208496094,1.7437077760696411,356.7334289550781
value_pre-prompts-prefill-hidden-tokens32,1,26,prefill,value_pre_norm,72,16.010672089126373,13.814633846282959,2.651865148544312,25.45613117218017,1.3560941219329834,79.92687225341797
value_pre-prompts-prefill-hidden-tokens32,1,26,prefill,value_pre_para_perp_ratio,72,0.49589732434186673,0.47823312878608704,0.31082642674446104,0.696644377708435,0.10723190009593964,0.9621991515159607
value_pre-prompts-prefill-hidden-tokens32,1,26,prefill,value_pre_para_ratio,72,0.43309493767150675,0.43143511464932277,0.2968164341093593,0.5716062270412026,0.10662065490840593,0.6933560829376044
value_pre-prompts-prefill-hidden-tokens32,1,26,prefill,value_pre_perp_ratio,72,0.8921493176055838,0.9021439281287501,0.8205231676328493,0.954931937595231,0.7205952118293666,0.9942998003000822
value_pre-prompts-prefill-hidden-tokens32,1,26,prefill,value_pre_self_alignment,72,0.4330949474953943,0.43143510818481445,0.2968164324760437,0.5716062068939209,0.106620654463768,0.6933561563491821
value_pre-prompts-prefill-hidden-tokens32,1,26,prefill,value_pre_self_value_norm,72,61.91234547396501,33.555885314941406,6.895459032058717,172.46100006103512,1.8577967882156372,378.51947021484375
value_pre-prompts-prefill-hidden-tokens32,2,28,prefill,value_pre_norm,72,14.959255991710556,11.647468566894531,2.1669231176376345,31.957697296142566,1.3369911909103394,74.58273315429688
value_pre-prompts-prefill-hidden-tokens32,2,28,prefill,value_pre_para_perp_ratio,72,0.4805696543513073,0.49116790294647217,0.26684770584106443,0.6766316413879394,0.0828058198094368,0.862652599811554
value_pre-prompts-prefill-hidden-tokens32,2,28,prefill,value_pre_para_ratio,72,0.4218865561164845,0.4408603452268171,0.2578244246655632,0.5604007777928928,0.082523374119302,0.6531931538710657
value_pre-prompts-prefill-hidden-tokens32,2,28,prefill,value_pre_perp_ratio,72,0.8964411835237814,0.8975756606157728,0.8282214724115795,0.9661897857501096,0.757191402882566,0.9965890952609049
value_pre-prompts-prefill-hidden-tokens32,2,28,prefill,value_pre_self_alignment,72,0.42188655253913665,0.4408603310585022,0.2578244060277939,0.56040078997612,0.08252337574958801,0.6531930565834045
value_pre-prompts-prefill-hidden-tokens32,2,28,prefill,value_pre_self_value_norm,72,67.08918200764391,34.09894943237305,7.255288028717041,184.11244506835936,1.9478164911270142,375.6060791015625
value_pre-prompts-prefill-hidden-tokens32,3,37,prefill,value_pre_norm,108,18.899758016621625,14.958473205566406,2.4995810747146607,42.12813186645507,0.7865616679191589,82.00812530517578
value_pre-prompts-prefill-hidden-tokens32,3,37,prefill,value_pre_para_perp_ratio,108,0.5069021459461914,0.4948119670152664,0.2401696547865868,0.7688933610916138,0.038565341383218765,1.4252879619598389
value_pre-prompts-prefill-hidden-tokens32,3,37,prefill,value_pre_para_ratio,108,0.4331176481839199,0.443489035975508,0.23347068501955248,0.609542616421499,0.038536695084198054,0.8186113320271606
value_pre-prompts-prefill-hidden-tokens32,3,37,prefill,value_pre_perp_ratio,108,0.8862818740320908,0.8962791338595915,0.7927532190356968,0.9722768316380125,0.5743480282184837,0.999257248378928
value_pre-prompts-prefill-hidden-tokens32,3,37,prefill,value_pre_self_alignment,108,0.4331176455512091,0.44348904490470886,0.23347069770097734,0.6095426440238952,0.03853669762611389,0.8186111450195312
value_pre-prompts-prefill-hidden-tokens32,3,37,prefill,value_pre_self_value_norm,108,63.53208730673349,36.6447868347168,4.42459454536438,171.34332885742185,0.7858023643493652,318.6236267089844
value_pre-prompts-prefill-hidden-tokens32,4,24,prefill,value_pre_norm,72,15.6884522686402,10.730451583862305,2.089066910743714,29.11549949645996,1.2866612672805786,84.28833770751953
value_pre-prompts-prefill-hidden-tokens32,4,24,prefill,value_pre_para_perp_ratio,72,0.4897219408303499,0.4909483939409256,0.29758945405483245,0.689875340461731,0.20948603749275208,0.8103212118148804
value_pre-prompts-prefill-hidden-tokens32,4,24,prefill,value_pre_para_ratio,72,0.43082288212262626,0.4407014626306788,0.28522747331265275,0.5678557371726312,0.20503539816114982,0.6295723775597674
value_pre-prompts-prefill-hidden-tokens32,4,24,prefill,value_pre_perp_ratio,72,0.8948224371927566,0.8976535752007424,0.823128090692972,0.9584597629436415,0.7769417575092603,0.9787545117128831
value_pre-prompts-prefill-hidden-tokens32,4,24,prefill,value_pre_self_alignment,72,0.4308228772133589,0.4407014846801758,0.2852274537086487,0.5678556859493256,0.20503538846969604,0.6295723915100098
value_pre-prompts-prefill-hidden-tokens32,4,24,prefill,value_pre_self_value_norm,72,64.35164795650377,29.58495044708252,6.548170280456542,175.66450042724608,1.9314589500427246,316.2184143066406
value_pre-prompts-prefill-hidden-tokens32,5,27,prefill,value_pre_norm,72,19.437937264641125,11.392906665802002,2.3673200845718387,44.829716110229484,1.2204744815826416,116.34489440917969
value_pre-prompts-prefill-hidden-tokens32,5,27,prefill,value_pre_para_perp_ratio,72,0.42987848699299824,0.42345455288887024,0.2445306524634361,0.642816036939621,0.05020536109805107,0.8268426656723022
value_pre-prompts-prefill-hidden-tokens32,5,27,prefill,value_pre_para_ratio,72,0.38408182475273484,0.38993041712638177,0.2375320626891082,0.5407299043566813,0.05014220726035979,0.6372275252310315
value_pre-prompts-prefill-hidden-tokens32,5,27,prefill,value_pre_perp_ratio,72,0.9133069536702775,0.9208401565302586,0.8411938704228188,0.9713796631518778,0.7706756498914276,0.9987420743147786
value_pre-prompts-prefill-hidden-tokens32,5,27,prefill,value_pre_self_alignment,72,0.38408182261304724,0.3899304121732712,0.23753207474946977,0.5407298564910888,0.050142206251621246,0.6372275352478027
value_pre-prompts-prefill-hidden-tokens32,5,27,prefill,value_pre_self_value_norm,72,65.85401689012845,32.10974407196045,6.735182237625122,193.1290817260742,1.9247772693634033,297.4255065917969
value_pre-prompts-prefill-hidden-tokens32,6,25,prefill,value_pre_norm,72,16.913632561763126,10.112188816070557,2.0543334007263185,39.09031906127929,1.2740774154663086,86.69355010986328
value_pre-prompts-prefill-hidden-tokens32,6,25,prefill,value_pre_para_perp_ratio,72,0.442277779078318,0.4367656111717224,0.2601389765739441,0.6637736856937408,0.08428195863962173,0.835909366607666
value_pre-prompts-prefill-hidden-tokens32,6,25,prefill,value_pre_para_ratio,72,0.3945035191692277,0.4002527606601223,0.2517538149292606,0.553022227711018,0.08398419781222642,0.6413501092530486
value_pre-prompts-prefill-hidden-tokens32,6,25,prefill,value_pre_perp_ratio,72,0.9099052667260572,0.91640376458583,0.8331605426508462,0.967783215759226,0.7672483751609716,0.9964670921133583
value_pre-prompts-prefill-hidden-tokens32,6,25,prefill,value_pre_self_alignment,72,0.3945035170763731,0.4002527892589569,0.2517537981271744,0.5530221939086915,0.08398420363664627,0.6413501501083374
value_pre-prompts-prefill-hidden-tokens32,6,25,prefill,value_pre_self_value_norm,72,64.34714921977785,28.64716625213623,6.333378601074219,188.53695678710938,1.9314589500427246,311.6813659667969
value_pre-prompts-prefill-hidden-tokens32,7,39,prefill,value_pre_norm,108,14.340793513589436,9.813677787780762,2.0062530755996706,28.816289710998532,1.2619668245315552,103.3697738647461
value_pre-prompts-prefill-hidden-tokens32,7,39,prefill,value_pre_para_perp_ratio,108,0.4475576362952038,0.45193588733673096,0.23585988581180573,0.6568500578403473,0.15795056521892548,0.7841715812683105
value_pre-prompts-prefill-hidden-tokens32,7,39,prefill,value_pre_para_ratio,108,0.39906944801640953,0.4118306450706962,0.2295606037296352,0.5490058034991405,0.1560163876291413,0.6170706603401911
value_pre-prompts-prefill-hidden-tokens32,7,39,prefill,value_pre_perp_ratio,108,0.9083611387910174,0.9112599412281845,0.8358176948634772,0.9732936462222243,0.7869077334681718,0.9877545163414588
value_pre-prompts-prefill-hidden-tokens32,7,39,prefill,value_pre_self_alignment,108,0.39906945010578193,0.4118306189775467,0.22956064194440842,0.5490057826042175,0.15601640939712524,0.6170706748962402
value_pre-prompts-prefill-hidden-tokens32,7,39,prefill,value_pre_self_value_norm,108,63.09804159292468,24.912351608276367,6.918768739700317,178.1039291381835,1.7162998914718628,340.03814697265625
value_pre-prompts-prefill-hidden-tokens32,8,20,prefill,value_pre_norm,72,15.8138900515106,11.758525848388672,2.4913806438446047,27.303206634521484,1.1723941564559937,107.11256408691406
value_pre-prompts-prefill-hidden-tokens32,8,20,prefill,value_pre_para_perp_ratio,72,0.5125123924679227,0.5156082808971405,0.30709417164325714,0.7201845526695252,0.16744129359722137,0.8600342869758606
value_pre-prompts-prefill-hidden-tokens32,8,20,prefill,value_pre_para_ratio,72,0.4460229037098007,0.4582760384414535,0.29356113454053245,0.5844033569351947,0.16514229069645991,0.6520541953517263
value_pre-prompts-prefill-hidden-tokens32,8,20,prefill,value_pre_perp_ratio,72,0.8864896259321965,0.8888088219579846,0.8114633486151748,0.9559375370912845,0.7581723303483617,0.9862698106862045
value_pre-prompts-prefill-hidden-tokens32,8,20,prefill,value_pre_self_alignment,72,0.44602288781768745,0.45827604830265045,0.2935611248016357,0.5844032645225525,0.16514228284358978,0.6520541906356812
value_pre-prompts-prefill-hidden-tokens32,8,20,prefill,value_pre_self_value_norm,72,58.07332568698459,30.636932373046875,6.187759113311768,155.83058319091796,1.8385149240493774,289.93621826171875
value_pre-prompts-prefill-hidden-tokens32,9,25,prefill,value_pre_norm,72,12.554528810911709,10.405263423919678,2.087005639076233,19.504320526123045,1.1388229131698608,56.56027603149414
value_pre-prompts-prefill-hidden-tokens32,9,25,prefill,value_pre_para_perp_ratio,72,0.4332421799707744,0.43746723234653473,0.22811775654554367,0.6474628329277039,0.06360789388418198,0.9061092138290405
value_pre-prompts-prefill-hidden-tokens32,9,25,prefill,value_pre_para_ratio,72,0.3859240385587609,0.40079363271293567,0.22240442236009805,0.5434428657418701,0.06347960512041657,0.6714621261524636
value_pre-prompts-prefill-hidden-tokens32,9,25,prefill,value_pre_perp_ratio,72,0.9118688922908502,0.916168356453421,0.8394108693074122,0.9749545156096482,0.7410388507970633,0.9979831065157376
value_pre-prompts-prefill-hidden-tokens32,9,25,prefill,value_pre_self_alignment,72,0.3859240347519517,0.4007936716079712,0.22240442782640457,0.5434428334236144,0.06347960233688354,0.6714620590209961
value_pre-prompts-prefill-hidden-tokens32,9,25,prefill,value_pre_self_value_norm,72,58.08766798343923,29.213619232177734,5.845925045013428,163.30922698974607,1.9031556844711304,335.4246520996094
value_pre-prompts-prefill-hidden-tokens32,10,21,prefill,value_pre_norm,72,13.407740559842852,10.30357551574707,1.8573103308677674,23.53772773742676,1.1776589155197144,85.8142318725586
value_pre-prompts-prefill-hidden-tokens32,10,21,prefill,value_pre_para_perp_ratio,72,0.44740593609296614,0.46399953961372375,0.22471468150615692,0.6430223643779756,0.07994157075881958,0.8903344869613647
value_pre-prompts-prefill-hidden-tokens32,10,21,prefill,value_pre_para_ratio,72,0.3968879210435277,0.4208977195398441,0.21924578071609208,0.5408542375884388,0.07968734857972881,0.6649667851871688
value_pre-prompts-prefill-hidden-tokens32,10,21,prefill,value_pre_perp_ratio,72,0.9072489618613855,0.9071080798104844,0.8411151083148265,0.9756674561738196,0.7468729782234692,0.9968199063975304
value_pre-prompts-prefill-hidden-tokens32,10,21,prefill,value_pre_self_alignment,72,0.39688791562285686,0.4208977222442627,0.21924577951431276,0.5408542513847351,0.07968734949827194,0.6649667024612427
value_pre-prompts-prefill-hidden-tokens32,10,21,prefill,value_pre_self_value_norm,72,61.78112197915713,26.65701198577881,6.498126268386842,169.99369049072263,1.886418104171753,351.8667297363281
value_pre-prompts-prefill-hidden-tokens32,11,16,prefill,value_pre_norm,36,14.820095562272602,11.489887714385986,2.09267258644104,29.59027671813965,1.254005789756775,64.2349624633789
value_pre-prompts-prefill-hidden-tokens32,11,16,prefill,value_pre_para_perp_ratio,36,0.5438717703024546,0.5819419026374817,0.26856786012649536,0.7541624903678894,0.19057749211788177,0.9250613451004028
value_pre-prompts-prefill-hidden-tokens32,11,16,prefill,value_pre_para_ratio,36,0.46356489472993145,0.502952970051009,0.2593094166236854,0.6021246673154291,0.18720812242089938,0.679066228351665
value_pre-prompts-prefill-hidden-tokens32,11,16,prefill,value_pre_perp_ratio,36,0.8740418375701149,0.8642980767921336,0.7984019983101713,0.9657050458691658,0.7340769683632822,0.9823202152260624
value_pre-prompts-prefill-hidden-tokens32,11,16,prefill,value_pre_self_alignment,36,0.4635648967491256,0.5029529631137848,0.25930941104888916,0.6021246016025543,0.1872081309556961,0.6790663003921509
value_pre-prompts-prefill-hidden-tokens32,11,16,prefill,value_pre_self_value_norm,36,52.371834341022705,29.514290809631348,5.271998882293701,133.07212448120117,1.8436243534088135,229.92449951171875
