Step,project_20260402_c4b7f427/run_20260430_286be9fc/cn,project_20260402_c4b7f427/run_20260417_f5116792/cn,project_20260402_c4b7f427/run_20260417_5471a202/cn
0,18.944267,11.101849,11.101524
101,4.944901,4.992132,5.001888
202,3.796495,3.889334,3.896620
303,3.434522,3.534007,3.531869
404,3.276623,3.372214,3.376185
505,3.189777,3.269709,3.290488
606,3.127410,3.205891,3.208827
707,3.087640,3.161493,3.163234
808,3.052495,3.114381,3.116689
909,3.033311,3.097925,3.097184
1010,3.008201,3.067724,3.068365
1111,2.987477,3.042676,3.046197
1212,2.968736,3.022804,3.021792
1313,2.963561,3.013255,3.012772
1414,2.947151,2.997306,2.995866
1515,2.943108,2.989455,2.988880
1616,2.929624,2.974583,2.972329
1717,2.921025,2.963583,2.962424
1818,2.901341,2.943043,2.939601
1919,2.908447,2.947109,2.946303
2020,2.893596,2.931159,2.929389
2121,2.892352,2.930324,2.929702
2222,2.888152,2.925229,2.922677
2323,2.880115,2.915653,2.913791
2424,2.888020,2.921876,2.919341
2525,2.877583,2.911441,2.908579
2626,2.872064,2.903277,2.900296
2727,2.864683,2.897914,2.893413
2828,2.868620,2.899319,2.895582
2929,2.863825,2.892433,2.888916
3030,2.854666,2.884876,2.881916
3131,2.849779,2.878878,2.875861
3232,2.855721,2.882567,2.880088
3333,2.848225,2.875978,2.873000
3434,2.855342,2.881523,2.878112
3535,2.841917,2.867907,2.864887
3636,2.838654,2.865541,2.861552
3737,2.839995,2.865620,2.861919
3838,2.838770,2.863347,2.859401
3939,2.842355,2.868108,2.864009
4040,2.834476,2.860377,2.855752
4141,2.823422,2.847222,2.843300
4242,2.823502,2.849748,2.845325
4343,2.828591,2.852796,2.849409
4444,2.822253,2.847027,2.843045
4545,2.833393,2.856374,2.850572
4646,2.826770,2.849488,2.845257
4747,2.826510,2.850042,2.846200
4848,2.818447,2.842216,2.837929
4949,2.816334,2.840363,2.835730
5050,2.821221,2.843044,2.839777
5151,2.822667,2.844321,2.840803
5252,2.814626,2.836979,2.832089
5353,2.810759,2.833549,2.828702
5454,2.814485,2.836427,2.832819
5555,2.811291,2.832538,2.829524
5656,2.802563,2.824467,2.820390
5757,2.801955,2.823473,2.819166
5858,2.812938,2.833383,2.829504
5959,2.812695,2.832731,2.829800
6060,2.809554,2.830147,2.825917
6161,2.805240,2.824918,2.821011
6262,2.797317,2.818657,2.815176
6363,2.804979,2.825448,2.821728
6464,2.796188,2.816586,2.812151
6565,2.800106,2.821187,2.816210
6666,2.797504,2.817868,2.814980
6767,2.801714,2.821023,2.817283
6868,,2.821236,2.816965
6969,,2.815240,2.811702
7070,,2.812620,2.808176
7171,,2.806868,2.801701
7272,,2.810037,2.806776
7373,,2.817169,2.813685
7474,,2.816083,2.811818
7575,,2.816145,2.811421
7676,,2.821701,2.817276
7777,,2.805740,2.800923
7878,,2.813120,2.808974
7979,,2.805943,2.801960
8080,,2.802139,2.799335
8181,,2.806406,2.802864
8282,,2.805351,2.801136
8383,,2.798434,2.794147
8484,,2.802871,2.798753
8585,,2.811579,2.806950
8686,,2.810698,2.804763
8787,,2.799422,2.796000
8888,,2.803761,2.798548
8989,,2.804208,2.800066
9090,,2.798463,2.793329
9191,,2.801290,2.796811
9292,,2.799913,2.795226
9393,,2.800922,2.798096
9494,,2.800328,2.795656
9595,,2.804681,2.799389
9696,,2.795677,2.790742
9797,,2.802717,2.797271
9898,,2.796807,2.790570
9999,,2.789223,2.784157
10100,,2.802585,2.796896
10201,,2.794645,2.789517
10302,,2.779792,2.775630
10403,,2.801997,2.797330
10504,,2.799937,2.793903
10605,,2.795214,2.790980
10706,,2.788677,2.783614
10807,,2.790912,2.785924
10908,,2.784794,2.780298
11009,,2.789321,2.784003
11110,,2.783489,2.777841
11211,,2.783183,
11312,,2.790822,
11413,,2.790332,
11514,,2.790205,
11615,,2.790027,
11716,,2.781168,
11817,,2.784844,
11918,,2.780452,
12019,,2.779018,
12120,,2.784564,
12221,,2.790117,
12322,,2.797014,
12423,,2.796163,
12524,,2.786710,
12625,,2.777591,
12726,,2.781986,
12827,,2.772619,
12928,,2.783044,
13029,,2.774867,
13130,,2.778090,
13231,,2.776644,
13332,,2.779370,
13433,,2.780022,
13534,,2.780438,
13635,,2.785294,
13736,,2.773972,
13837,,2.771656,
13938,,2.779118,
14039,,2.776918,
14140,,2.772417,
14241,,2.780704,
14342,,2.776054,
14443,,2.776165,
14544,,2.778146,
14645,,2.780424,
14746,,2.779433,
14847,,2.770627,
14948,,2.771081,
15049,,2.774050,
15150,,2.777011,
15251,,2.770901,
15352,,2.772843,
15453,,2.773144,
15554,,2.774610,
15655,,2.765711,
15756,,2.775077,
15857,,2.774217,
15958,,2.770800,
16059,,2.774896,
16160,,2.775653,
16261,,2.773123,
16362,,2.775675,
16463,,2.767823,
16564,,2.769430,
16665,,2.767929,
16766,,2.768622,
16867,,2.760731,
16968,,2.768267,
17069,,2.770931,
17170,,2.775725,
17271,,2.767684,
17372,,2.775849,
17473,,2.765587,
17574,,2.766376,
17675,,2.761476,
17776,,2.770435,
17877,,2.759827,
17978,,2.759856,
18079,,2.764473,
18180,,2.769855,
18281,,2.765807,
18382,,2.760046,
18483,,2.761056,
18584,,2.757580,
18685,,2.767308,
18786,,2.763999,
18887,,2.764510,
18988,,2.754298,
19089,,2.755211,
19190,,2.764511,
19291,,2.752500,
19392,,2.768195,
19493,,2.760716,
19594,,2.758248,
19695,,2.756640,
19796,,2.760433,
19897,,2.765110,
19998,,2.758508,
20099,,2.752614,
20200,,2.764912,
20301,,2.759921,
20402,,2.758610,
20503,,2.759979,
20604,,2.757769,
20705,,2.759402,
20806,,2.754500,
20907,,2.757970,
21008,,2.762778,
21109,,2.756138,
21210,,2.759192,
21311,,2.757962,
21412,,2.747192,
21513,,2.754956,
21614,,2.752392,
21715,,2.752887,
21816,,2.753677,
21917,,2.756027,
22018,,2.750293,
22119,,2.755999,
22220,,2.756779,
22321,,2.757204,
22422,,2.759477,
22523,,2.753075,
22624,,2.750925,
22725,,2.748532,
22826,,2.745297,
22927,,2.751126,
23028,,2.761245,
23129,,2.758127,
23230,,2.757659,
23331,,2.751868,
23432,,2.756813,
23533,,2.745583,
23634,,2.748851,
23735,,2.747205,
23836,,2.749470,
23937,,2.752337,
24038,,2.749196,
24139,,2.743786,
24240,,2.743248,
24341,,2.758638,
24442,,2.753826,
24543,,2.751437,
24644,,2.753023,
24745,,2.754445,
24846,,2.750985,
24947,,2.755213,
25048,,2.746502,
25149,,2.753062,
25250,,2.750054,
25351,,2.751728,
25452,,2.746922,
25553,,2.746762,
25654,,2.747285,
25755,,2.746437,
25856,,2.744605,
25957,,2.745803,
26058,,2.748827,
26159,,2.752549,
26260,,2.750576,
26361,,2.747878,
26462,,2.744501,
26563,,2.737012,
26664,,2.747154,
26765,,2.747536,
26866,,2.747954,
26967,,2.742837,
27068,,2.752107,
27169,,2.737575,
27270,,2.742574,
27371,,2.735885,
27472,,2.742288,
27573,,2.738900,
27674,,2.736694,
27775,,2.740825,
27876,,2.745947,
27977,,2.736005,
28078,,2.731452,
28179,,2.736329,
28280,,2.737247,
28381,,2.739028,
28482,,2.736508,
28583,,2.737976,
28684,,2.744301,
28785,,2.741072,
28886,,2.736802,
28987,,2.735887,
29088,,2.739685,
29189,,2.742664,
29290,,2.736245,
29391,,2.738238,
29492,,2.740202,
29593,,2.737083,
29694,,2.738561,
29795,,2.739624,
29896,,2.743387,
29997,,2.738074,
30098,,2.739858,
30199,,2.740241,
30300,,2.739112,
30401,,2.723043,
30502,,2.744488,
30603,,2.736660,