panel,series,scale,ppl,delta_ppl,source
parallel,value,-1.0,210.8102019017604,188.7744593491261,eval/lm-evaluation-harness/outputs/xsa_figure3_matched_component_scaling/by_model/qwen3_1p7b/kv2_group/wikitext-kv2_group_para_editm1_2026-08-10T15-39-03.099594.json
parallel,value,-0.5,40.168090306709246,18.132347754074953,eval/lm-evaluation-harness/outputs/xsa_figure3_matched_component_scaling/by_model/qwen3_1p7b/kv2_group/wikitext-kv2_group_para_editm0p5_2026-08-10T15-39-46.844703.json
parallel,value,0.0,22.495854647408816,0.460112094774523,eval/lm-evaluation-harness/outputs/xsa_figure3_matched_component_scaling/by_model/qwen3_1p7b/kv2_group/wikitext-kv2_group_para_edit0_2026-08-10T15-27-14.141272.json
parallel,value,0.25,21.017970173563253,-1.0177723790710402,eval/lm-evaluation-harness/outputs/xsa_figure3_matched_component_scaling/by_model/qwen3_1p7b/kv2_group/wikitext-kv2_group_para_edit0p25_2026-08-10T15-39-15.584150.json
parallel,value,0.5,20.719742185672956,-1.3160003669613367,eval/lm-evaluation-harness/outputs/xsa_figure3_matched_component_scaling/by_model/qwen3_1p7b/kv2_group/wikitext-kv2_group_para_edit0p5_2026-08-10T15-39-15.938261.json
parallel,value,0.75,21.141625344239397,-0.8941172083948956,eval/lm-evaluation-harness/outputs/xsa_figure3_matched_component_scaling/by_model/qwen3_1p7b/kv2_group/wikitext-kv2_group_para_edit0p75_2026-08-10T15-39-44.423245.json
parallel,value,1.0,22.035742552634293,0.0,eval/lm-evaluation-harness/outputs/xsa_figure3_matched_component_scaling/by_model/qwen3_1p7b/kv2_group/wikitext-kv2_group_para_edit1_2026-08-10T15-34-00.907952.json
parallel,value,1.5,25.16278036919272,3.1270378165584276,eval/lm-evaluation-harness/outputs/xsa_figure3_matched_component_scaling/by_model/qwen3_1p7b/kv2_group/wikitext-kv2_group_para_edit1p5_2026-08-10T15-39-41.077278.json
parallel,value,2.0,31.161798165914824,9.126055613280531,eval/lm-evaluation-harness/outputs/xsa_figure3_matched_component_scaling/by_model/qwen3_1p7b/kv2_group/wikitext-kv2_group_para_edit2_2026-08-10T15-39-41.052181.json
parallel,value,2.5,45.794951976989914,23.75920942435562,eval/lm-evaluation-harness/outputs/xsa_figure3_matched_component_scaling/by_model/qwen3_1p7b/kv2_group/wikitext-kv2_group_para_edit2p5_2026-08-10T15-39-42.167287.json
parallel,value,3.0,89.47364410110305,67.43790154846876,eval/lm-evaluation-harness/outputs/xsa_figure3_matched_component_scaling/by_model/qwen3_1p7b/kv2_group/wikitext-kv2_group_para_edit3_2026-08-10T15-39-46.250706.json
parallel,residual_attn,-1.0,3318916.9462105245,3318894.8971044645,eval/lm-evaluation-harness/outputs/xsa_figure3_matched_residual_20260809/by_model/qwen3_1p7b/residual_attn/wikitext-residual_attn_para_editm1_2026-08-09T19-49-54.307042.json
parallel,residual_attn,-0.5,16249.897491864456,16227.848385804218,eval/lm-evaluation-harness/outputs/xsa_figure3_matched_residual_20260809/by_model/qwen3_1p7b/residual_attn/wikitext-residual_attn_para_editm0p5_2026-08-09T19-49-39.068870.json
parallel,residual_attn,0.0,43.05973384343121,21.01062778319317,eval/lm-evaluation-harness/outputs/xsa_figure3_matched_residual_20260809/by_model/qwen3_1p7b/residual_attn/wikitext-residual_attn_para_edit0_2026-08-09T19-49-51.391822.json
parallel,residual_attn,0.25,27.761832047411446,5.712725987173403,eval/lm-evaluation-harness/outputs/xsa_figure3_matched_residual_20260809/by_model/qwen3_1p7b/residual_attn/wikitext-residual_attn_para_edit0p25_2026-08-09T19-49-41.401572.json
parallel,residual_attn,0.5,24.136317439407428,2.0872113791693856,eval/lm-evaluation-harness/outputs/xsa_figure3_matched_residual_20260809/by_model/qwen3_1p7b/residual_attn/wikitext-residual_attn_para_edit0p5_2026-08-09T19-50-22.728591.json
parallel,residual_attn,0.75,22.57769376644095,0.5285877062029094,eval/lm-evaluation-harness/outputs/xsa_figure3_matched_residual_20260809/by_model/qwen3_1p7b/residual_attn/wikitext-residual_attn_para_edit0p75_2026-08-09T19-50-22.888616.json
parallel,residual_attn,1.0,22.049106060238042,0.0,eval/lm-evaluation-harness/outputs/xsa_figure3_matched_residual_20260809/by_model/qwen3_1p7b/residual_attn/wikitext-residual_attn_para_edit1p0_2026-08-09T19-44-31.340947.json
parallel,residual_attn,1.5,22.85787954485579,0.808773484617749,eval/lm-evaluation-harness/outputs/xsa_figure3_matched_residual_20260809/by_model/qwen3_1p7b/residual_attn/wikitext-residual_attn_para_edit1p5_2026-08-09T19-50-22.835040.json
parallel,residual_attn,2.0,26.4324863170538,4.383380256815759,eval/lm-evaluation-harness/outputs/xsa_figure3_matched_residual_20260809/by_model/qwen3_1p7b/residual_attn/wikitext-residual_attn_para_edit2_2026-08-09T19-50-24.240130.json
parallel,residual_attn,2.5,33.29185045528895,11.24274439505091,eval/lm-evaluation-harness/outputs/xsa_figure3_matched_residual_20260809/by_model/qwen3_1p7b/residual_attn/wikitext-residual_attn_para_edit2p5_2026-08-09T19-50-13.510584.json
parallel,residual_attn,3.0,44.39290415484977,22.343798094611724,eval/lm-evaluation-harness/outputs/xsa_figure3_matched_residual_20260809/by_model/qwen3_1p7b/residual_attn/wikitext-residual_attn_para_edit3_2026-08-09T19-50-13.056469.json
parallel,residual_mlp,-1.0,290.182001733887,268.13289567364893,eval/lm-evaluation-harness/outputs/xsa_figure3_matched_residual_20260809/by_model/qwen3_1p7b/residual_mlp/wikitext-residual_mlp_para_editm1_2026-08-09T19-50-09.577424.json
parallel,residual_mlp,-0.5,130.7224098914187,108.67330383118065,eval/lm-evaluation-harness/outputs/xsa_figure3_matched_residual_20260809/by_model/qwen3_1p7b/residual_mlp/wikitext-residual_mlp_para_editm0p5_2026-08-09T19-50-07.810719.json
parallel,residual_mlp,0.0,44.32762793450661,22.278521874268566,eval/lm-evaluation-harness/outputs/xsa_figure3_matched_residual_20260809/by_model/qwen3_1p7b/residual_mlp/wikitext-residual_mlp_para_edit0_2026-08-09T19-50-07.374760.json
parallel,residual_mlp,0.25,30.351595914566605,8.302489854328563,eval/lm-evaluation-harness/outputs/xsa_figure3_matched_residual_20260809/by_model/qwen3_1p7b/residual_mlp/wikitext-residual_mlp_para_edit0p25_2026-08-09T19-50-03.884606.json
parallel,residual_mlp,0.5,24.72840637386513,2.6793003136270883,eval/lm-evaluation-harness/outputs/xsa_figure3_matched_residual_20260809/by_model/qwen3_1p7b/residual_mlp/wikitext-residual_mlp_para_edit0p5_2026-08-09T19-50-06.382551.json
parallel,residual_mlp,0.75,22.352107650341786,0.3030015901037437,eval/lm-evaluation-harness/outputs/xsa_figure3_matched_residual_20260809/by_model/qwen3_1p7b/residual_mlp/wikitext-residual_mlp_para_edit0p75_2026-08-09T19-50-04.339669.json
parallel,residual_mlp,1.0,22.049106060238042,0.0,eval/lm-evaluation-harness/outputs/xsa_figure3_matched_residual_20260809/by_model/qwen3_1p7b/residual_mlp/wikitext-residual_mlp_para_edit1p0_2026-08-09T19-44-30.758361.json
parallel,residual_mlp,1.5,26.560289544006167,4.511183483768125,eval/lm-evaluation-harness/outputs/xsa_figure3_matched_residual_20260809/by_model/qwen3_1p7b/residual_mlp/wikitext-residual_mlp_para_edit1p5_2026-08-09T19-50-14.814368.json
parallel,residual_mlp,2.0,44.47990435914886,22.43079829891082,eval/lm-evaluation-harness/outputs/xsa_figure3_matched_residual_20260809/by_model/qwen3_1p7b/residual_mlp/wikitext-residual_mlp_para_edit2_2026-08-09T19-50-13.241645.json
parallel,residual_mlp,2.5,756.5519558703872,734.5028498101492,eval/lm-evaluation-harness/outputs/xsa_figure3_matched_residual_20260809/by_model/qwen3_1p7b/residual_mlp/wikitext-residual_mlp_para_edit2p5_2026-08-09T19-50-13.965386.json
parallel,residual_mlp,3.0,671139.2554651974,671117.2063591371,eval/lm-evaluation-harness/outputs/xsa_figure3_matched_residual_20260809/by_model/qwen3_1p7b/residual_mlp/wikitext-residual_mlp_para_edit3_2026-08-09T19-50-14.978734.json
perpendicular,value,0.0,95508.36848697207,95486.33274441944,eval/lm-evaluation-harness/outputs/xsa_ppl_perp_retained_scale_qwen1p7b_20260711/by_model/qwen3_1p7b/kv2_group/perp_0p0/exclude_self/wikitext_2026-07-11T04-20-58.007578.json
perpendicular,value,0.25,911.3031315727274,889.2673890200931,eval/lm-evaluation-harness/outputs/xsa_ppl_perp_retained_scale_qwen1p7b_20260711/by_model/qwen3_1p7b/kv2_group/perp_0p25/exclude_self/wikitext_2026-07-11T04-23-45.952911.json
perpendicular,value,0.5,31.62765006669527,9.591907514060978,eval/lm-evaluation-harness/outputs/xsa_ppl_perp_retained_scale_qwen1p7b_20260711/by_model/qwen3_1p7b/kv2_group/perp_0p5/exclude_self/wikitext_2026-07-11T04-25-31.741382.json
perpendicular,value,0.75,20.699715531454807,-1.3360270211794862,eval/lm-evaluation-harness/outputs/xsa_ppl_perp_retained_scale_qwen1p7b_20260711/by_model/qwen3_1p7b/kv2_group/perp_0p75/exclude_self/wikitext_2026-07-11T04-26-45.688133.json
perpendicular,value,1.0,22.035742552634293,0.0,eval/lm-evaluation-harness/outputs/xsa_ppl_perp_retained_scale_qwen1p7b_20260711/by_model/qwen3_1p7b/kv2_group/perp_1p0/exclude_self/wikitext_2026-07-11T04-29-43.672231.json
perpendicular,value,1.25,25.714164163487535,3.678421610853242,eval/lm-evaluation-harness/outputs/xsa_ppl_perp_retained_scale_qwen1p7b_20260711/by_model/qwen3_1p7b/kv2_group/perp_1p25/exclude_self/wikitext_2026-07-11T04-30-32.249842.json
perpendicular,value,1.5,33.61304297134894,11.577300418714646,eval/lm-evaluation-harness/outputs/xsa_ppl_perp_retained_scale_qwen1p7b_20260711/by_model/qwen3_1p7b/kv2_group/perp_1p5/exclude_self/wikitext_2026-07-11T04-32-47.538411.json
perpendicular,residual_attn,0.0,79483.38555756267,79461.33645150243,eval/lm-evaluation-harness/outputs/xsa_figure3_matched_residual_20260809/by_model/qwen3_1p7b/residual_attn/wikitext-residual_attn_perp_edit0_2026-08-09T19-55-45.688411.json
perpendicular,residual_attn,0.25,837.7908055362034,815.7416994759653,eval/lm-evaluation-harness/outputs/xsa_figure3_matched_residual_20260809/by_model/qwen3_1p7b/residual_attn/wikitext-residual_attn_perp_edit0p25_2026-08-09T19-56-15.273353.json
perpendicular,residual_attn,0.5,40.51863831123961,18.46953225100157,eval/lm-evaluation-harness/outputs/xsa_figure3_matched_residual_20260809/by_model/qwen3_1p7b/residual_attn/wikitext-residual_attn_perp_edit0p5_2026-08-09T19-56-12.030462.json
perpendicular,residual_attn,0.75,19.892484634720887,-2.156621425517155,eval/lm-evaluation-harness/outputs/xsa_figure3_matched_residual_20260809/by_model/qwen3_1p7b/residual_attn/wikitext-residual_attn_perp_edit0p75_2026-08-09T19-56-15.743859.json
perpendicular,residual_attn,1.0,22.049106060238042,0.0,eval/lm-evaluation-harness/outputs/xsa_figure3_matched_residual_20260809/by_model/qwen3_1p7b/residual_attn/wikitext-residual_attn_para_edit1p0_2026-08-09T19-44-31.340947.json
perpendicular,residual_attn,1.25,28.52002642402926,6.470920363791219,eval/lm-evaluation-harness/outputs/xsa_figure3_matched_residual_20260809/by_model/qwen3_1p7b/residual_attn/wikitext-residual_attn_perp_edit1p25_2026-08-09T19-56-14.220323.json
perpendicular,residual_attn,1.5,50.275163500062156,28.226057439824114,eval/lm-evaluation-harness/outputs/xsa_figure3_matched_residual_20260809/by_model/qwen3_1p7b/residual_attn/wikitext-residual_attn_perp_edit1p5_2026-08-09T19-55-20.164705.json
perpendicular,residual_mlp,0.0,32513157.332869217,32513135.283763155,eval/lm-evaluation-harness/outputs/xsa_figure3_matched_residual_20260809/by_model/qwen3_1p7b/residual_mlp/wikitext-residual_mlp_perp_edit0_2026-08-09T19-55-03.447147.json
perpendicular,residual_mlp,0.25,2547810.2310691876,2547788.1819631276,eval/lm-evaluation-harness/outputs/xsa_figure3_matched_residual_20260809/by_model/qwen3_1p7b/residual_mlp/wikitext-residual_mlp_perp_edit0p25_2026-08-09T19-55-18.877655.json
perpendicular,residual_mlp,0.5,5150.7812521769,5128.732146116662,eval/lm-evaluation-harness/outputs/xsa_figure3_matched_residual_20260809/by_model/qwen3_1p7b/residual_mlp/wikitext-residual_mlp_perp_edit0p5_2026-08-09T19-55-20.708402.json
perpendicular,residual_mlp,0.75,33.78651350065848,11.737407440420437,eval/lm-evaluation-harness/outputs/xsa_figure3_matched_residual_20260809/by_model/qwen3_1p7b/residual_mlp/wikitext-residual_mlp_perp_edit0p75_2026-08-09T19-55-09.571321.json
perpendicular,residual_mlp,1.0,22.049106060238042,0.0,eval/lm-evaluation-harness/outputs/xsa_figure3_matched_residual_20260809/by_model/qwen3_1p7b/residual_mlp/wikitext-residual_mlp_para_edit1p0_2026-08-09T19-44-30.758361.json
perpendicular,residual_mlp,1.25,21.65336962340585,-0.3957364368321912,eval/lm-evaluation-harness/outputs/xsa_figure3_matched_residual_20260809/by_model/qwen3_1p7b/residual_mlp/wikitext-residual_mlp_perp_edit1p25_2026-08-09T19-55-19.700793.json
perpendicular,residual_mlp,1.5,26.347893247684482,4.29878718744644,eval/lm-evaluation-harness/outputs/xsa_figure3_matched_residual_20260809/by_model/qwen3_1p7b/residual_mlp/wikitext-residual_mlp_perp_edit1p5_2026-08-09T19-55-19.712530.json
