model,layer,head,delta_loss,bootstrap_delta_loss,ci95_low,ci95_high,p_improve,sign_flip_p,ci_class,para_ratio,para_over_ref,edit_over_y,edit_over_ref,samples,tokens,sign_flip_q_global,fdr_global_class,sign_flip_q_model,fdr_model_class
qwen3_0p6b,4,0,-0.0002604830226293764,-0.00026055709907591004,-0.0009006931526536758,0.00035398417355677426,0.7956,0.4333566643335666,inconclusive,0.07867884620616536,0.06502181078023042,0.24178057119845425,0.06502181078023042,256,36302,0.6117976437650352,inconclusive,0.5073443875124682,inconclusive
qwen3_0p6b,4,1,-0.0009111794589484745,-0.0009111872645923437,-0.0020579292606271596,0.00021487110759959256,0.9448,0.1141885811418858,inconclusive,0.1613026953668179,0.13040160275522117,0.34394699063367834,0.1304016032451014,256,36302,0.2332362508430008,inconclusive,0.15660148270887198,inconclusive
qwen3_0p6b,4,2,-8.702494869439192e-05,-8.707373643090893e-05,-0.0013079770960745963,0.0009570629477624873,0.546,0.8918108189181082,inconclusive,0.10433579005585167,0.05592687454213835,0.24944263976055345,0.055926874174728185,256,36302,0.9512648735126488,inconclusive,0.9305852023493304,inconclusive
qwen3_0p6b,4,3,0.0003432576028870038,0.00034315188025240795,-0.00033473434199191146,0.001047526178823442,0.1556,0.3284671532846715,inconclusive,0.09113799761758316,0.043472007868056335,0.22798611445100558,0.04347200780682131,256,36302,0.4959339117634628,inconclusive,0.39416058394160586,inconclusive
qwen3_0p6b,4,4,0.018194421698098484,0.01819436650034232,0.014186101732042019,0.02234300099261873,0.0,9.999000099990002e-05,degrade,0.5680402405717888,0.389049970921494,0.6256344321145468,0.389049970921494,256,36302,0.0005332800053328001,degrade,0.00028232470870560004,degrade
qwen3_0p6b,4,5,-0.0002992474588174865,-0.0002992965585173644,-0.0012811471004422303,0.0006871045104822493,0.7212,0.5522447755224478,inconclusive,0.12323302580913163,0.09342829639498008,0.29276979004784115,0.09342829639498008,256,36302,0.713212983634372,inconclusive,0.6311368863113689,inconclusive
qwen3_0p6b,4,6,0.00015408930637450524,0.000154044334438312,-0.0005685380741051677,0.0008773193617992342,0.345,0.6882311768823117,inconclusive,0.1344106915950224,0.10193834002308536,0.3236295705706865,0.10193833977814525,256,36302,0.8057340607402673,inconclusive,0.7507976475079765,inconclusive
qwen3_0p6b,4,7,0.0010476216659895954,0.001047522540552466,-0.00010759504431110432,0.0021401892885778906,0.0382,0.06969303069693031,inconclusive,0.1335172348247806,0.087425945934013,0.29680176241737405,0.08742594519919267,256,36302,0.1645212527927535,inconclusive,0.10137168101371681,inconclusive
qwen3_0p6b,4,8,0.0007555769676086399,0.0007554978110903085,-0.0006310491407918424,0.002120640970558977,0.1406,0.28447155284471554,inconclusive,0.22260648551794934,0.07933865705533956,0.36133584208309044,0.07933865717780962,256,36302,0.451576820339944,inconclusive,0.3501188342704191,inconclusive
qwen3_0p6b,4,9,0.002633816124972377,0.0026337723549151445,0.0016511306489467557,0.003619969709196793,0.0,9.999000099990002e-05,degrade,0.1571285835169117,0.06078742296594365,0.2885693870613997,0.06078742247606343,256,36302,0.0005332800053328001,degrade,0.00028232470870560004,degrade
qwen3_0p6b,4,10,0.009820980668678647,0.009820916647293976,0.007187745451566582,0.012481947008572605,0.0,9.999000099990002e-05,degrade,0.42930041624612736,0.20313068603970233,0.5421781656263545,0.2031306855498221,256,36302,0.0005332800053328001,degrade,0.00028232470870560004,degrade
qwen3_0p6b,4,11,0.00021236374072008957,0.00021232770077880502,-0.0014526344664688789,0.0018295776301806288,0.4044,0.8034196580341966,inconclusive,0.15135569564488177,0.10030848844926715,0.3143345088329244,0.10030848820432704,256,36302,0.8831483263887352,inconclusive,0.8569809685698095,inconclusive
qwen3_0p6b,4,12,-4.0378500151483365e-05,-4.0468808527682664e-05,-0.0007887395410434568,0.0007574858348102595,0.5364,0.914008599140086,inconclusive,0.15060669426374876,0.08490732623352937,0.3223621191561444,0.0849073261110593,256,36302,0.9572162783721629,inconclusive,0.9334555906111517,inconclusive
qwen3_0p6b,4,13,0.002028703545087218,0.0020286423871946836,0.0003767224331281853,0.003811423128922703,0.0066,0.020497950204979503,degrade,0.3082787227275452,0.13755447536618898,0.47138061660603964,0.13755447536618898,256,36302,0.059630400596304006,inconclusive,0.036440800364408006,degrade
qwen3_0p6b,4,14,0.000870531948136577,0.0008704680909427964,-0.00018656323119676984,0.0018811882330205607,0.0532,0.1004899510048995,inconclusive,0.12716990189572513,0.08348235861088875,0.2840021211068866,0.08348235885582886,256,36302,0.21459187414591874,inconclusive,0.14186816612456402,inconclusive
qwen3_0p6b,4,15,0.002909753810051985,0.0029097356932083506,0.000531223897211875,0.005486667519241495,0.0082,0.019598040195980403,degrade,0.44804390946110606,0.21885292089473793,0.5634264418750301,0.21885292138461815,256,36302,0.05759424057594241,inconclusive,0.0361809972848869,degrade
qwen3_0p6b,13,0,-0.0029563868080613176,-0.002956482744907835,-0.0038326777740750944,-0.0021031247337540766,1.0,9.999000099990002e-05,improve,0.23329276592783219,0.1425880279286278,0.3999804438836801,0.1425880279286278,256,36302,0.0005332800053328001,improve,0.00028232470870560004,improve
qwen3_0p6b,13,1,-0.0007527456304061708,-0.0007528191945761809,-0.0014337022949513715,-5.764085490423086e-05,0.9844,0.028997100289971003,improve,0.1515741839371521,0.10260753611996588,0.31010123978258786,0.102607536364906,256,36302,0.0787845743727514,inconclusive,0.047995200479952004,improve
qwen3_0p6b,13,2,0.001490736026080075,0.0014906949192017907,0.0005882678238591778,0.002405868399103427,0.0008,0.0018998100189981002,degrade,0.25412572956489354,0.15376515827543916,0.41974853480353624,0.1537651568057985,256,36302,0.007599240075992402,degrade,0.0043424229005670865,degrade
qwen3_0p6b,13,3,-0.0021469001040745894,-0.0021468786147466855,-0.0029652002500482172,-0.0012777048226909188,1.0,9.999000099990002e-05,improve,0.21260294578065306,0.1663998841045297,0.3768708065077538,0.16639988287982913,256,36302,0.0005332800053328001,improve,0.00028232470870560004,improve
qwen3_0p6b,13,4,0.0014636668283598553,0.0014636058215234348,0.0004980256351160299,0.0024344758002674085,0.0008,0.0040995900409959,degrade,0.31820113977021,0.2029448107881939,0.48258495122611456,0.20294481103313403,256,36302,0.015535288576405518,degrade,0.008555666172513183,degrade
qwen3_0p6b,13,5,0.002579556674735528,0.0025795343907225802,0.001176777214514225,0.004011618934767042,0.0004,0.00039996000399960006,degrade,0.25504328991155256,0.2177359405983944,0.41793487282333286,0.2177359405983944,256,36302,0.0018283885897124575,degrade,0.0010104252732621474,degrade
qwen3_0p6b,13,6,-0.005277222479993959,-0.00527729366010992,-0.0094812685393041,-0.0012361055498482144,0.9942,0.011198880111988802,improve,0.4869189274024792,0.42692173621889346,0.6085649673816588,0.42692173621889346,256,36302,0.03583641635836417,improve,0.0215018498150185,improve
qwen3_0p6b,13,7,0.03448219671307706,0.034482164584167155,0.030621904222353103,0.038854944611521045,0.0,9.999000099990002e-05,degrade,0.43540120813710953,0.31077052687471907,0.5796665540934987,0.3107705258949586,256,36302,0.0005332800053328001,degrade,0.00028232470870560004,degrade
qwen3_0p6b,13,8,-0.0016799110478586954,-0.0016799394167932187,-0.00242179195037049,-0.0009336525502142831,1.0,9.999000099990002e-05,improve,0.1882644039500398,0.1654279619949045,0.3646871322567172,0.16542796101514406,256,36302,0.0005332800053328001,improve,0.00028232470870560004,improve
qwen3_0p6b,13,9,0.0012123906955885388,0.0012123857501531578,0.0007200655163995941,0.001697537540964803,0.0,9.999000099990002e-05,degrade,0.10209516317314402,0.08404980156500348,0.2597504666363824,0.08404980119759332,256,36302,0.0005332800053328001,degrade,0.00028232470870560004,degrade
qwen3_0p6b,13,10,-0.0034923569229139417,-0.0034923850685484475,-0.004680727327069884,-0.0023345759863706524,1.0,9.999000099990002e-05,improve,0.2707876369799149,0.24676708840154263,0.4454972318710772,0.24676708840154263,256,36302,0.0005332800053328001,improve,0.00028232470870560004,improve
qwen3_0p6b,13,11,0.017867076075784638,0.017867010576679953,0.016138891957959586,0.019599974266554264,0.0,9.999000099990002e-05,degrade,0.4040452029565126,0.21195167403357684,0.5422737931843914,0.2119516730538164,256,36302,0.0005332800053328001,degrade,0.00028232470870560004,degrade
qwen3_0p6b,13,12,0.0036067604315879187,0.003606698492145901,0.002694181678366423,0.004581980768725922,0.0,9.999000099990002e-05,degrade,0.14987756487370088,0.1216454959671963,0.30277680009660907,0.12164549547731608,256,36302,0.0005332800053328001,degrade,0.00028232470870560004,degrade
qwen3_0p6b,13,13,-0.0022055242522793783,-0.0022055796963223726,-0.003383101646219381,-0.0010628270880609161,0.9998,0.0004999500049995,improve,0.2254695938872605,0.17427429884071297,0.37728095676161993,0.17427429933059319,256,36302,0.002181600021816,improve,0.0011998800119988001,improve
qwen3_0p6b,13,14,-0.003406434917927914,-0.0034064522368028784,-0.004183694470109671,-0.0026045148176350617,1.0,9.999000099990002e-05,improve,0.2618106931689096,0.1394307511416482,0.41619754299909906,0.13943075163152843,256,36302,0.0005332800053328001,improve,0.00028232470870560004,improve
qwen3_0p6b,13,15,0.0032896035880427554,0.0032895564652035687,0.0024612962376637584,0.004178390107862872,0.0,9.999000099990002e-05,degrade,0.2522509212256305,0.13257410052622698,0.4073140462892757,0.13257410052622698,256,36302,0.0005332800053328001,degrade,0.00028232470870560004,degrade
qwen3_0p6b,22,0,0.00026798169479302913,0.00026788662815939907,-0.0001413616407375145,0.000694968617156427,0.1018,0.20687931206879312,inconclusive,0.03614575397192138,0.018990110306955965,0.13714660623956282,0.018990110306955965,256,36302,0.3723827617238276,inconclusive,0.2683839724135695,inconclusive
qwen3_0p6b,22,1,0.00027286423828254414,0.0002728007127546317,-0.00017790606756720148,0.0007511586807076265,0.12,0.2542745725427457,inconclusive,0.06354328467571278,0.027931416740432178,0.20249117141788298,0.027931416740432178,256,36302,0.4307710405430045,inconclusive,0.32118893373820506,inconclusive
qwen3_0p6b,22,2,0.0020356978222619837,0.0020356598415819252,0.0013622203538062635,0.002716963148138484,0.0,9.999000099990002e-05,degrade,0.20070804367173203,0.0853320446678192,0.3802408693812542,0.08533204417793898,256,36302,0.0005332800053328001,degrade,0.00028232470870560004,degrade
qwen3_0p6b,22,3,0.000825391959292876,0.0008253478542857705,0.0003755385610705061,0.001285257858244662,0.0002,0.00029997000299970003,degrade,0.09879314478453767,0.04810323540077783,0.2681576322342689,0.04810323546201285,256,36302,0.00143985601439856,degrade,0.0007999200079992001,degrade
qwen3_0p6b,22,4,0.0011386279724603376,0.0011385827772243378,7.382775579027533e-05,0.0021684282935673592,0.018,0.036196380361963806,degrade,0.24164691276937297,0.05522395141687782,0.3676832764173512,0.05522395141687782,256,36302,0.09391493283104123,inconclusive,0.05604600830239557,inconclusive
qwen3_0p6b,22,5,0.0009381545029372163,0.0009381219996715616,5.479252126714048e-05,0.0018298410130223482,0.0178,0.0357964203579642,degrade,0.1960389926097689,0.05114645086572338,0.33150788401859294,0.05114645074325332,256,36302,0.09372153693721537,inconclusive,0.05604600830239557,inconclusive
qwen3_0p6b,22,6,1.7277209675370386e-05,1.723743931241393e-05,-0.0010964962957430405,0.0011409490615893994,0.4806,0.9769023097690231,inconclusive,0.27256532901515546,0.1474092235396177,0.43864448756052254,0.14740922255985725,256,36302,0.9832159641178739,inconclusive,0.9769023097690231,inconclusive
qwen3_0p6b,22,7,0.0034022854284887494,0.0034022271702108444,0.0024162236151829535,0.00459175476305515,0.0,9.999000099990002e-05,degrade,0.21387021936867562,0.1185760473552864,0.4107728475352927,0.11857604760022651,256,36302,0.0005332800053328001,degrade,0.00028232470870560004,degrade
qwen3_0p6b,22,8,0.0008120893821277342,0.0008120517561004993,0.00028901014006163295,0.001343432824239726,0.0018,0.0037996200379962005,degrade,0.13559305914348183,0.04466207700714429,0.2841987066096238,0.04466207731331943,256,36302,0.014787710418147377,degrade,0.0082900800829008,degrade
qwen3_0p6b,22,9,-0.0006280121123665161,-0.000628054348879048,-0.0011624055790576855,-9.243302011801325e-05,0.9882,0.024697530246975304,improve,0.1206254448406317,0.038962935397112736,0.25988523562392024,0.038962935397112736,256,36302,0.06839316068393161,inconclusive,0.0423386232805291,improve
qwen3_0p6b,22,10,-0.0009060682563974964,-0.0009061649649420768,-0.002226357959050271,0.0004361054134657604,0.901,0.1862813718628137,inconclusive,0.33605344044131924,0.10951099442290574,0.47460434980871313,0.10951099442290574,256,36302,0.3439040711313484,inconclusive,0.24837516248375163,inconclusive
qwen3_0p6b,22,11,0.0011218618830404203,0.0011218282041664748,0.0003456654518774984,0.0019002615282963469,0.002,0.005499450054994501,degrade,0.30738793629437733,0.0809315273264827,0.44228744751776045,0.0809315270815426,256,36302,0.0197980201979802,degrade,0.010998900109989001,degrade
qwen3_0p6b,22,12,9.11004602017762e-05,9.110469304788251e-05,-0.00033192610139403745,0.0005451222795594442,0.3308,0.6855314468553144,inconclusive,0.09486904808074806,0.031025767678456388,0.2385593643080703,0.03102576786216147,256,36302,0.8057340607402673,inconclusive,0.7507976475079765,inconclusive
qwen3_0p6b,22,13,0.00042008704754570303,0.0004200289698778306,-2.7730824150178062e-05,0.0008678710118709098,0.0348,0.06879312068793121,inconclusive,0.0671208303149527,0.022573453862293244,0.17249879657005152,0.022573453770440705,256,36302,0.16373899800102634,inconclusive,0.10137168101371681,inconclusive
qwen3_0p6b,22,14,0.00628490951342231,0.006284876497880361,0.0050152719206802004,0.007577805791492852,0.0,9.999000099990002e-05,degrade,0.41454091016358646,0.14794475471650403,0.5330184979632897,0.14794475471650403,256,36302,0.0005332800053328001,degrade,0.00028232470870560004,degrade
qwen3_0p6b,22,15,0.006795014253261122,0.006794949519286818,0.005076213181165921,0.008467365541853926,0.0,9.999000099990002e-05,degrade,0.4293208721744336,0.1977200200105488,0.5684330422075781,0.19772002050042903,256,36302,0.0005332800053328001,degrade,0.00028232470870560004,degrade
qwen3_1p7b,4,0,-0.0002436029804808726,-0.0002435483637493946,-0.0010821752257881715,0.0005929783723130405,0.7106,0.5685431456854314,inconclusive,0.05496166126938159,0.048379223069620926,0.1897247226758935,0.048379223069620926,128,19526,0.7257379525205373,inconclusive,0.6893310668933108,inconclusive
qwen3_1p7b,4,1,-0.002986315221531477,-0.0029862812280190914,-0.00520183354663835,-0.001021321273027731,0.9992,0.0046995300469953,improve,0.13830177823550246,0.1179664192833054,0.3030108221646013,0.1179664192833054,128,19526,0.01735211094275188,improve,0.012532080125320802,improve
qwen3_1p7b,4,2,-0.0007772464238384735,-0.0007771392172872318,-0.0018153597107921533,0.0002255055686674666,0.9374,0.13938606139386062,inconclusive,0.11224699982585883,0.052823896152306336,0.2699564401521841,0.05282389663949628,128,19526,0.2744541872343378,inconclusive,0.23894753381804676,inconclusive
qwen3_1p7b,4,3,-0.00010599099037822413,-0.00010602642470764891,-0.0014662783825753385,0.001090157290334552,0.543,0.8856114388561144,inconclusive,0.09803314062827391,0.050030360459367894,0.24616478229391164,0.050030360459367894,128,19526,0.9481639196675128,inconclusive,0.944652201446522,inconclusive
qwen3_1p7b,4,4,0.005883293929408229,0.0058832808521625925,0.001268594776735419,0.010479813620682012,0.006,0.016798320167983202,degrade,0.595413081338427,0.38221495763552144,0.6505114442087224,0.38221495763552144,128,19526,0.05076605741487707,inconclusive,0.035474713398225395,degrade
qwen3_1p7b,4,5,-0.0007881993679901278,-0.0007881720779397064,-0.0025419316115106493,0.0011760980940840366,0.8088,0.41325867413258677,inconclusive,0.11845624248947982,0.09444366981243266,0.278699354071879,0.09444366981243266,128,19526,0.5898444638294791,inconclusive,0.5393622799882174,inconclusive
qwen3_1p7b,4,6,0.001903186576551974,0.001903224526205769,0.000410470798523149,0.0033544501219080194,0.0054,0.013098690130986902,degrade,0.11306288951810445,0.08214209667415302,0.28773582234388717,0.08214209667415302,128,19526,0.04100459519265465,degrade,0.029939863156541492,degrade
qwen3_1p7b,4,7,-0.0018229275029124636,-0.001822894828114172,-0.0032108293228403,-0.0004911834951080835,0.9966,0.009599040095990401,improve,0.12871420898047747,0.08242842965351363,0.2946012085272739,0.08242842965351363,128,19526,0.032145622647037624,improve,0.023037696230376964,improve
qwen3_1p7b,4,8,7.790844178945378e-05,7.797677070283993e-05,-0.0017838780851303702,0.0019715884109423043,0.4564,0.9344065593440656,inconclusive,0.20765196799013957,0.07701723529917984,0.3473385203082595,0.07701723578636978,128,19526,0.9611038896110389,inconclusive,0.9466053394660534,inconclusive
qwen3_1p7b,4,9,0.0028256470339229622,0.0028256788539993923,0.0011518336700727149,0.004399123250815908,0.0,0.0010998900109989002,degrade,0.12997306687317284,0.052341540106411635,0.26836422838622737,0.05234154035000661,128,19526,0.0045252617595383324,degrade,0.0032996700329967006,degrade
qwen3_1p7b,4,10,0.005280231826314985,0.005280256356834498,0.0014679496627531615,0.009395859839298474,0.0018,0.007399260073992601,degrade,0.42835053386663874,0.18451245430937824,0.5706442373770254,0.18451245333499836,128,19526,0.025674540979636975,degrade,0.018692867555349726,degrade
qwen3_1p7b,4,11,0.00014060029335905,0.00014069538727947572,-0.00405983287028637,0.0037248022118780053,0.4552,0.9466053394660534,inconclusive,0.12729503490306712,0.09895264612151593,0.29247683723615353,0.09895264660870587,128,19526,0.966745878603629,inconclusive,0.9466053394660534,inconclusive
qwen3_1p7b,4,12,-0.00034010391993355427,-0.0003400859585626929,-0.0017684323668289053,0.0009479502720093578,0.6798,0.6405359464053595,inconclusive,0.1253676749432833,0.06550577414599111,0.2852917141384549,0.06550577438958607,128,19526,0.7757073032192578,inconclusive,0.7498957421331038,inconclusive
qwen3_1p7b,4,13,0.0009115200165807913,0.0009114954005886782,-0.0008238254972563851,0.00271537046777895,0.1486,0.3163683631636836,inconclusive,0.24461192670605345,0.10385943689261055,0.39699776796850056,0.10385943640542061,128,19526,0.48464940739968554,inconclusive,0.4601721646017216,inconclusive
qwen3_1p7b,4,14,0.0008432141559651107,0.0008432202244908743,-0.0008179942646812662,0.002522836187912989,0.1536,0.33186681331866813,inconclusive,0.14267290926527704,0.09023378014107773,0.31317408867418234,0.09023378014107773,128,19526,0.4959339117634628,inconclusive,0.46851785409694324,inconclusive
qwen3_1p7b,4,15,-0.002477453439484467,-0.002477416088135897,-0.0038640289558725055,-0.0011416195765038524,1.0,0.000999900009999,improve,0.253788957072096,0.11789137108268105,0.43576967865418964,0.11789137205706093,128,19526,0.004234870630584,improve,0.0031996800319968,improve
qwen3_1p7b,14,0,-0.006278437644038348,-0.006278371000148278,-0.007578779664013781,-0.005031605974659608,1.0,9.999000099990002e-05,improve,0.18750672760594395,0.13414980473037272,0.3826814536999621,0.13414980521756267,128,19526,0.0005332800053328001,improve,0.00039996000399960006,improve
qwen3_1p7b,14,1,0.00682662249612731,0.0068266224839166455,0.0056345438782045365,0.008086399542881416,0.0,9.999000099990002e-05,degrade,0.09674173552414467,0.08152521627920645,0.267497575937712,0.0815252157920165,128,19526,0.0005332800053328001,degrade,0.00039996000399960006,degrade
qwen3_1p7b,14,2,-0.0021947899595411435,-0.0021947723766898544,-0.003171583900037463,-0.0012732186938363389,1.0,9.999000099990002e-05,improve,0.1270752873913995,0.09246653122006705,0.2859710284119822,0.092466531707257,128,19526,0.0005332800053328001,improve,0.00039996000399960006,improve
qwen3_1p7b,14,3,0.0005804185164972608,0.000580514623873866,-0.00035546084956048976,0.0015205157112494793,0.1076,0.22377762223777622,inconclusive,0.07962193300288603,0.05574561151964911,0.21722284660485514,0.055745611763244086,128,19526,0.4002978584129165,inconclusive,0.34649438281978256,inconclusive
qwen3_1p7b,14,4,-0.008545759600180336,-0.008545701869818857,-0.010256741781121154,-0.0069835052635170815,1.0,9.999000099990002e-05,improve,0.2247451645813378,0.22099130077532578,0.43295585466679637,0.22099130077532578,128,19526,0.0005332800053328001,improve,0.00039996000399960006,improve
qwen3_1p7b,14,5,-0.001026050802455547,-0.0010260542701847006,-0.002386110578851643,0.00023441989962547308,0.9414,0.13608639136086392,inconclusive,0.25286133377640335,0.15415720397637417,0.4386097485382743,0.1541572034891842,128,19526,0.27029572904778487,inconclusive,0.23894753381804676,inconclusive
qwen3_1p7b,14,6,-0.001293485188818444,-0.0012934133433348135,-0.0024749667510718114,-0.0002686420706214973,0.9944,0.016998300169983,improve,0.081567795462383,0.03549898581182059,0.2120682610405816,0.03549898581182059,128,19526,0.05076605741487707,inconclusive,0.035474713398225395,improve
qwen3_1p7b,14,7,0.0006582519381210794,0.0006582428536478105,-0.0001358953248778162,0.00143757748674353,0.0526,0.11698830116988301,inconclusive,0.07773112251993036,0.033242477158781515,0.2096060001378163,0.03324247703698403,128,19526,0.23727204744314298,inconclusive,0.21597840215978403,inconclusive
qwen3_1p7b,14,8,0.014589009025626432,0.014589022127292347,0.01151158731766934,0.018091266387415966,0.0,9.999000099990002e-05,degrade,0.2902279528621513,0.22640078119543472,0.46064792598953347,0.22640078119543472,128,19526,0.0005332800053328001,degrade,0.00039996000399960006,degrade
qwen3_1p7b,14,9,-0.009006996080546337,-0.009006955798722602,-0.011161587684349045,-0.007173332102125943,1.0,9.999000099990002e-05,improve,0.17478522767204588,0.15054203145500952,0.3512990773713756,0.1505420324293894,128,19526,0.0005332800053328001,improve,0.00039996000399960006,improve
qwen3_1p7b,14,10,-0.0010102590576344106,-0.0010101703985492237,-0.0020016152910797627,-0.0001094323128400203,0.9874,0.04079592040795921,improve,0.08716784461400214,0.05496682134167902,0.23019880876991788,0.05496682109808404,128,19526,0.10397544316364825,inconclusive,0.07832816718328167,inconclusive
qwen3_1p7b,14,11,-0.005307839247189694,-0.00530781973510886,-0.0070460953113251545,-0.0038509436952955506,1.0,9.999000099990002e-05,improve,0.20578149476422813,0.12953301304297124,0.3939753253493425,0.1295330135301612,128,19526,0.0005332800053328001,improve,0.00039996000399960006,improve
qwen3_1p7b,14,12,0.03875751802084437,0.03875756020747674,0.0320201797796192,0.04690571975215592,0.0,9.999000099990002e-05,degrade,0.4720101503881306,0.2776116479554548,0.606815422905816,0.27761164990421455,128,19526,0.0005332800053328001,degrade,0.00039996000399960006,degrade
qwen3_1p7b,14,13,-0.014059904302276216,-0.014059895584112697,-0.018955792868152493,-0.010349879034443761,1.0,9.999000099990002e-05,improve,0.30469828541099186,0.23319616597883241,0.4901947878938677,0.2331961669532123,128,19526,0.0005332800053328001,improve,0.00039996000399960006,improve
qwen3_1p7b,14,14,-0.0018206518912280423,-0.001820582536648351,-0.002655647327439536,-0.000984185266094683,1.0,9.999000099990002e-05,improve,0.15070796542697482,0.05726889406888726,0.2823325058509564,0.05726889406888726,128,19526,0.0005332800053328001,improve,0.00039996000399960006,improve
qwen3_1p7b,14,15,-0.002917071608848243,-0.002917033830138854,-0.0049339882542910225,-0.0013203741749847997,1.0,0.00029997000299970003,improve,0.3317249078860228,0.15947149235322253,0.4994395249952606,0.15947149235322253,128,19526,0.00143985601439856,improve,0.001107581549537354,improve
qwen3_1p7b,23,0,-0.0003367030057677134,-0.0003367365108678713,-0.001060967725307199,0.0003841640560088244,0.8178,0.3601639836016398,inconclusive,0.08536981896879116,0.028760721248076184,0.22617615739961236,0.028760721004481214,128,19526,0.5265341486155952,inconclusive,0.4939391775108204,inconclusive
qwen3_1p7b,23,1,-0.0004078721360301074,-0.0004078169209930504,-0.0010039463581991144,0.00018796834612269005,0.9078,0.18418158184181582,inconclusive,0.09530844024619228,0.032905633909339954,0.2440244633271472,0.032905633787542465,128,19526,0.3422212617447933,inconclusive,0.29469053094690534,inconclusive
qwen3_1p7b,23,2,0.0018984728094912917,0.0018984605747571822,0.0009437493338385982,0.002827793434812253,0.0002,0.0004999500049995,degrade,0.26893662590328915,0.0900235333205183,0.41962850090796616,0.09002353283332834,128,19526,0.002181600021816,degrade,0.0017141143028554288,degrade
qwen3_1p7b,23,3,0.0008252218196251881,0.0008252675472487318,-0.0005286237571331505,0.0021987144275088834,0.13,0.24387561243875613,inconclusive,0.4404262420927123,0.21618218744699375,0.6121713397146642,0.21618218744699375,128,19526,0.4205759064812082,inconclusive,0.3658134186581342,inconclusive
qwen3_1p7b,23,4,0.00016334390684225042,0.00016341306605715617,-0.0003926209359029872,0.0006857283182342188,0.2762,0.5744425557444256,inconclusive,0.07964382366506838,0.02893801332281315,0.21800372244297772,0.02893801332281315,128,19526,0.7257379525205373,inconclusive,0.6893310668933108,inconclusive
qwen3_1p7b,23,5,8.511037766956164e-05,8.518107538400071e-05,-0.0005396078776021689,0.0007132805898542508,0.3892,0.788021197880212,inconclusive,0.060386677446036506,0.020182700053637665,0.1816083905645105,0.02018270017543515,128,19526,0.8695406321436822,inconclusive,0.8596594885965949,inconclusive
qwen3_1p7b,23,6,-0.005372819213804725,-0.005372780262904981,-0.007080077812538454,-0.0035852414006776272,1.0,9.999000099990002e-05,improve,0.5006387177098299,0.2750702371999222,0.655102591679014,0.2750702371999222,128,19526,0.0005332800053328001,improve,0.00039996000399960006,improve
qwen3_1p7b,23,7,0.006270397982977904,0.006270443319871413,0.005221072664663524,0.007346436083401566,0.0,9.999000099990002e-05,degrade,0.39550032731369233,0.14476714737113866,0.5580452130976612,0.14476714737113866,128,19526,0.0005332800053328001,degrade,0.00039996000399960006,degrade
qwen3_1p7b,23,8,-0.0005115375012803014,-0.0005115085139963747,-0.0017376601667125713,0.0006523891792336428,0.8022,0.41575842415758424,inconclusive,0.27288143308987867,0.11604724508896946,0.4769342921855045,0.11604724606334935,128,19526,0.5898444638294791,inconclusive,0.5393622799882174,inconclusive
qwen3_1p7b,23,9,0.001674812689651084,0.001674885902690018,0.00021614784341131006,0.00310315242161949,0.0124,0.027797220277972202,degrade,0.3452265333855289,0.14640869199087794,0.5497295082452806,0.14640868906773827,128,19526,0.07624380419100946,inconclusive,0.055594440555944404,inconclusive
qwen3_1p7b,23,10,0.0005923217160774819,0.0005923408984796051,-0.0001892525969702264,0.0013899626671825514,0.072,0.15478452154784522,inconclusive,0.1376583279625514,0.03482989485388667,0.2721967168542465,0.0348298946102917,128,19526,0.2932759355643383,inconclusive,0.2561950701481576,inconclusive
qwen3_1p7b,23,11,0.001236469863099554,0.0012365055660555307,0.00044477721487522985,0.002047198119729975,0.0016,0.0028997100289971,degrade,0.04282480461539589,0.019914801550094195,0.12468790417277797,0.01991480185458791,128,19526,0.011439951895221435,degrade,0.0081874165524624,degrade
qwen3_1p7b,23,12,-0.00012565877707926276,-0.00012562738436357318,-0.0010886776226634895,0.0007028739229665844,0.5976,0.7846215378462154,inconclusive,0.20422785382617936,0.08742165839535067,0.39446946846875497,0.08742165839535067,128,19526,0.8691192419219615,inconclusive,0.8596594885965949,inconclusive
qwen3_1p7b,23,13,0.0004918697145792628,0.0004919121820492223,-0.0006914401194275802,0.001738763207536825,0.2036,0.43685631436856315,inconclusive,0.2335427509566072,0.11645545715877684,0.4287616403319065,0.11645545764596678,128,19526,0.6137298465275424,inconclusive,0.5518185023602903,inconclusive
qwen3_1p7b,23,14,-2.4256520152476924e-05,-2.420197668273857e-05,-0.0006865367545947705,0.0006579186016243622,0.5292,0.944005599440056,inconclusive,0.14831782861078685,0.050552547693557055,0.33274264573137424,0.05055254793715203,128,19526,0.966745878603629,inconclusive,0.9466053394660534,inconclusive
qwen3_1p7b,23,15,0.00013253562557613563,0.000132567030502174,-0.00045760252435910614,0.0007204178657321345,0.3292,0.673032696730327,inconclusive,0.12323936277270164,0.03440353118292369,0.28817096286349825,0.0344035310611262,128,19526,0.7976683813100172,inconclusive,0.7691802248346594,inconclusive
qwen3_4b,6,0,-0.00020132911726689073,-0.0002013573597215744,-0.001046625981385808,0.0006732641623809223,0.6736,0.6536346365363463,inconclusive,0.16415248398275364,0.10480455176888145,0.31147753348904705,0.1048045522560714,128,19526,0.7843615638436157,inconclusive,0.7942901912340411,inconclusive
qwen3_4b,6,1,-0.00030114344735876486,-0.0003011890284585059,-0.0011728244313605077,0.0005437995867318265,0.7664,0.506049395060494,inconclusive,0.156375363716525,0.09620103702082336,0.2935125786987149,0.09620103702082336,128,19526,0.6778708175694058,inconclusive,0.6855314468553144,inconclusive
qwen3_4b,6,2,0.00032044863659352885,0.00032044145692924756,-0.0006105608603032554,0.0012834577991946757,0.261,0.5113488651134886,inconclusive,0.06300573190662291,0.0768577380807616,0.17376411408756884,0.0768577380807616,128,19526,0.6817984868179848,inconclusive,0.6855314468553144,inconclusive
qwen3_4b,6,3,6.104140793050661e-05,6.099977076181828e-05,-0.0008856874890708583,0.0009646172306766031,0.449,0.8985101489851015,inconclusive,0.10009923669418004,0.09086226881083248,0.2424971257742033,0.09086226929802244,128,19526,0.9513636871606957,inconclusive,0.9367837409807407,inconclusive
qwen3_4b,6,4,-0.00017806036262557612,-0.00017817500525781955,-0.0013930194067169558,0.0010013626417642917,0.6156,0.7659234076592341,inconclusive,0.10526985811547758,0.08427722438846359,0.23549020116813338,0.08427722487565353,128,19526,0.8557655862320744,inconclusive,0.835763614649771,inconclusive
qwen3_4b,6,5,0.0011081978835911777,0.001108140983530748,-0.0007415295151112768,0.0031523636792566865,0.1344,0.29017098290170984,inconclusive,0.3865487226581208,0.2180797796139772,0.508758026551774,0.2180797796139772,128,19526,0.4559022358633702,inconclusive,0.49056147016877266,inconclusive
qwen3_4b,6,6,0.0004358546577321043,0.000435767756931657,-0.00046053690560071675,0.0013257210628248141,0.1672,0.3360663933606639,inconclusive,0.07849469312762848,0.05414819485992003,0.21238385099408574,0.054148195103515,128,19526,0.49634421173267285,inconclusive,0.5377062293770624,inconclusive
qwen3_4b,6,7,0.00036776135425187206,0.0003676850153727572,-0.0006037598391338368,0.00135954296714599,0.2322,0.47235276472352766,inconclusive,0.1462427321978456,0.09725651065051784,0.3160441762795089,0.09725651065051784,128,19526,0.6477980773351236,inconclusive,0.6855314468553144,inconclusive
qwen3_4b,6,8,0.00804359961957779,0.008043530472573059,0.004774582841304465,0.012006832029591059,0.0,9.999000099990002e-05,degrade,0.1441292198833987,0.15349204598106492,0.30117611160375757,0.1534920469554448,128,19526,0.0005332800053328001,degrade,0.0005332800053328001,degrade
qwen3_4b,6,9,0.009714773831206003,0.009714753098093705,0.005216511443651044,0.015487879396310031,0.0,9.999000099990002e-05,degrade,0.48985927187163253,0.36704454385457824,0.5983194967491569,0.36704454385457824,128,19526,0.0005332800053328001,degrade,0.0005332800053328001,degrade
qwen3_4b,6,10,0.00798888491226446,0.007988797120111198,0.0038826378319372352,0.013084640181747152,0.0,9.999000099990002e-05,degrade,0.234947430645978,0.20270599813449125,0.40155292184569064,0.20270599813449125,128,19526,0.0005332800053328001,degrade,0.0005332800053328001,degrade
qwen3_4b,6,11,0.0017811037606909608,0.0017810307552271613,0.0004686306434741408,0.003165395320627027,0.0028,0.009999000099990002,degrade,0.1480834556569846,0.14932758774641677,0.2884066760768379,0.1493275867720369,128,19526,0.033100138262035866,degrade,0.03555200035552,degrade
qwen3_4b,6,12,-0.0005233281706122916,-0.0005233537756394231,-0.001687877382929031,0.0006703772220372411,0.8112,0.39146085391460855,inconclusive,0.20908189288805576,0.09586105297960693,0.3580227604618779,0.09586105297960693,128,19526,0.5637036296370364,inconclusive,0.5965117773936892,inconclusive
qwen3_4b,6,13,-0.0003013810112157955,-0.00030148387089574675,-0.001186548600724885,0.0006071379044979848,0.7514,0.5273472652734726,inconclusive,0.055176087692475104,0.04591292506738032,0.15871151745090997,0.045912924580190376,128,19526,0.6934977735103202,inconclusive,0.6934977735103202,inconclusive
qwen3_4b,6,14,0.0002566814959861219,0.00025655349527093507,-0.0010693883617194546,0.001542117493299325,0.346,0.6943305669433056,inconclusive,0.20033528460701155,0.10949446238472696,0.3300021935240062,0.10949446238472696,128,19526,0.8095838189460406,inconclusive,0.8141836418767762,inconclusive
qwen3_4b,6,15,0.004462874620697832,0.004462820003966285,0.0023542379241405635,0.006565768901995218,0.0,9.999000099990002e-05,degrade,0.4371636236003228,0.2497526127412097,0.5224283698265885,0.24975261468996948,128,19526,0.0005332800053328001,degrade,0.0005332800053328001,degrade
qwen3_4b,6,16,-0.00012688410644789982,-0.0001269329477013421,-0.0009557143380825325,0.0007175791551621988,0.6092,0.7666233376662334,inconclusive,0.048632004495477006,0.06622264102044234,0.15750839408786818,0.06622264053325239,128,19526,0.8557655862320744,inconclusive,0.835763614649771,inconclusive
qwen3_4b,6,17,-2.6394594867085175e-05,-2.6466977604830178e-05,-0.0010764559675105502,0.0010078425118688066,0.5292,0.9621037896210379,inconclusive,0.10309295118387936,0.12216372678715302,0.2521550486675472,0.12216372678715302,128,19526,0.979102089791021,inconclusive,0.9798020197980201,inconclusive
qwen3_4b,6,18,-2.7669937679331014e-05,-2.776321226317509e-05,-0.002139051894894356,0.002201239593454667,0.5118,0.9798020197980202,inconclusive,0.46833233206055935,0.2904893166260701,0.559242004940184,0.2904893166260701,128,19526,0.9832159641178739,inconclusive,0.9798020197980201,inconclusive
qwen3_4b,6,19,-0.0002228474013814541,-0.0002229152785135832,-0.0013658074319363475,0.0008187296782356912,0.6498,0.7039296070392961,inconclusive,0.08971092667463944,0.10735557770515919,0.23136703081971385,0.10735557721796925,128,19526,0.8141836418767762,inconclusive,0.8141836418767762,inconclusive
qwen3_4b,6,20,0.000750826822249806,0.0007507715827920795,-0.00012044314670841075,0.001676648167854409,0.052,0.10978902109789021,inconclusive,0.06320937389310445,0.06728114789473143,0.1771644972293313,0.06728114765113645,128,19526,0.22747653292224734,inconclusive,0.2439028824390288,inconclusive
qwen3_4b,6,21,0.00037997713785475895,0.00037989773418673064,-0.0006859045153077691,0.0014493460849917736,0.2394,0.49495050494950504,inconclusive,0.13114899285756157,0.09111679437668996,0.24740261404298122,0.09111679437668996,128,19526,0.6661016141376517,inconclusive,0.6855314468553144,inconclusive
qwen3_4b,6,22,0.0003877417249755766,0.0003877064493803122,-0.00047986783264640715,0.0012648290153237293,0.1928,0.37376262373762625,inconclusive,0.14107653592281413,0.09035695881070153,0.26003815320868756,0.09035695881070153,128,19526,0.5409227921428963,inconclusive,0.5787292238518085,inconclusive
qwen3_4b,6,23,-0.0010354283231333028,-0.0010354772376486674,-0.002064692723949759,-6.473572037176095e-06,0.9764,0.050794920507949204,improve,0.29236570920980753,0.19279949485418288,0.41829445791427206,0.19279949485418288,128,19526,0.12611152677835663,inconclusive,0.13932321053608923,inconclusive
qwen3_4b,6,24,0.0006290440870504455,0.000628879821704668,-0.0004718696029221386,0.0018040195744074624,0.135,0.2853714628537146,inconclusive,0.07718873030076691,0.08815555036600826,0.20088187323676215,0.08815554987881832,128,19526,0.451576820339944,inconclusive,0.49056147016877266,inconclusive
qwen3_4b,6,25,0.0004112855535569615,0.0004112452473123213,-0.0006926177636198306,0.0016090007814928153,0.2386,0.48775122487751227,inconclusive,0.24975052367072756,0.14539214922246044,0.40090459675015466,0.1453921497096504,128,19526,0.6594946139188897,inconclusive,0.6855314468553144,inconclusive
qwen3_4b,6,26,0.00019402715449912122,0.00019392021657452772,-0.0012481499557142925,0.0017328233711284772,0.4224,0.8148185181481852,inconclusive,0.4104937069869742,0.24549269889354097,0.5266748206673302,0.24549269889354097,128,19526,0.8922727499113207,inconclusive,0.8691397526913975,inconclusive
qwen3_4b,6,27,0.0008944654323079781,0.0008944160171699465,-0.0005757018516184991,0.002534625270167641,0.1234,0.2783721627837216,inconclusive,0.1664788432504939,0.10795386839339255,0.2826774928457131,0.10795386741901267,128,19526,0.4465153484651535,inconclusive,0.49056147016877266,inconclusive
qwen3_4b,6,28,-0.0002547684817679752,-0.00025482728663714805,-0.002824814413316239,0.0019597876096231633,0.5692,0.8489151084891511,inconclusive,0.49199000488904854,0.2847786242020998,0.5871577997317259,0.2847786242020998,128,19526,0.9210748098122519,inconclusive,0.8955587957687748,inconclusive
qwen3_4b,6,29,0.00013926243374218217,0.00013920025882644755,-0.0008274242064575506,0.0011071643290663966,0.387,0.7748225177482252,inconclusive,0.12659754454708952,0.10953405826027823,0.2791861932396432,0.10953405728589834,128,19526,0.8615787069941655,inconclusive,0.835763614649771,inconclusive
qwen3_4b,6,30,-6.119144826133294e-05,-6.123488034599325e-05,-0.0011006536414962388,0.0009664901299379218,0.532,0.9075092490750925,inconclusive,0.22781505852671266,0.12512370434757394,0.38985228654220794,0.12512370337319403,128,19526,0.9538783347942578,inconclusive,0.9367837409807407,inconclusive
qwen3_4b,6,31,-0.0002280487995172109,-0.00022814483363206155,-0.0015062049457999595,0.0010332234233764522,0.6256,0.7270272972702729,inconclusive,0.10084022239402489,0.11318014736833243,0.2568731500423427,0.11318014736833243,128,19526,0.8375354464553544,inconclusive,0.8308883397374548,inconclusive
qwen3_4b,18,0,-0.001992260519627642,-0.001992322902118746,-0.003097739343613039,-0.0008266526394400549,0.9992,0.0012998700129987,improve,0.21080317588601533,0.2025765732025887,0.412281072429009,0.2025765732025887,128,19526,0.005272712165403178,improve,0.0051994800519948,improve
qwen3_4b,18,1,-0.0006241302662157722,-0.0006241803529210526,-0.0016281464903033416,0.0003542974660364239,0.8868,0.23057694230576942,inconclusive,0.14294960392237013,0.13672410421749032,0.3359236121634414,0.1367241037303004,128,19526,0.40281062802810624,inconclusive,0.4517425808439564,inconclusive
qwen3_4b,18,2,0.013449740290190082,0.013449646148673826,0.011517808035387203,0.01536091919387685,0.0,9.999000099990002e-05,degrade,0.4444432518034602,0.3283972251765421,0.6020618618980983,0.3283972251765421,128,19526,0.0005332800053328001,degrade,0.0005332800053328001,degrade
qwen3_4b,18,3,-0.004639096989270897,-0.004639134303988412,-0.005943643283199344,-0.003420595377653046,1.0,9.999000099990002e-05,improve,0.23283685852284633,0.2181167422278783,0.39777830082490223,0.2181167422278783,128,19526,0.0005332800053328001,improve,0.0005332800053328001,improve
qwen3_4b,18,4,0.008298105530766708,0.008298023733877322,0.0065161491144607765,0.010221473519175465,0.0,9.999000099990002e-05,degrade,0.4564925406932222,0.21326042262987158,0.5842179786808799,0.21326041970673193,128,19526,0.0005332800053328001,degrade,0.0005332800053328001,degrade
qwen3_4b,18,5,-0.0012926224569165257,-0.0012926932034721557,-0.002287680388608923,-0.0003453555285077136,0.9974,0.010698930106989302,improve,0.18319476579493185,0.12379554076213033,0.36352440650131207,0.12379554076213033,128,19526,0.034621256975426055,improve,0.03668204608110618,improve
qwen3_4b,18,6,-0.0021422883471076126,-0.0021423703759930043,-0.002944914080193439,-0.0013396428777561124,1.0,9.999000099990002e-05,improve,0.18825464406993958,0.12009297123661748,0.3684677172742432,0.12009297074942753,128,19526,0.0005332800053328001,improve,0.0005332800053328001,improve
qwen3_4b,18,7,-0.00575350904323102,-0.005753540924359061,-0.007106049276452428,-0.004439057881889302,1.0,9.999000099990002e-05,improve,0.20487760005478353,0.14952121067168916,0.39114128590239117,0.14952121067168916,128,19526,0.0005332800053328001,improve,0.0005332800053328001,improve
qwen3_4b,18,8,-0.0023623349956469752,-0.0023624592844267477,-0.0032874517510191876,-0.0014145718447108344,1.0,9.999000099990002e-05,improve,0.18629519972916916,0.11535958817483212,0.37537863622984513,0.11535958817483212,128,19526,0.0005332800053328001,improve,0.0005332800053328001,improve
qwen3_4b,18,9,-0.00019729053169514899,-0.00019734788353687597,-0.0009622818837124019,0.0005772692465031919,0.701,0.6302369763023697,inconclusive,0.1343521429965627,0.09417299950259855,0.3055398914244592,0.09417299950259855,128,19526,0.769102750741875,inconclusive,0.7942901912340411,inconclusive
qwen3_4b,18,10,0.000259394725302009,0.00025933226954921105,-0.0004547993114455556,0.0010268433419191936,0.246,0.48465153484651535,inconclusive,0.09185043032903172,0.06927198724271694,0.24662597091109664,0.06927198797350186,128,19526,0.6583945379047,inconclusive,0.6855314468553144,inconclusive
qwen3_4b,18,11,0.00028984040910184916,0.00028972731717942036,-0.0004010231415321279,0.0009729831521360916,0.2118,0.4156584341565843,inconclusive,0.065728408501675,0.05358837122813648,0.19811664888228492,0.05358837171532642,128,19526,0.5898444638294791,inconclusive,0.6234876512348765,inconclusive
qwen3_4b,18,12,-0.0009162337836410295,-0.0009163281083119205,-0.0020811747283326775,0.0002804280083682962,0.938,0.1324867513248675,inconclusive,0.2396918490471968,0.1985626220703125,0.4451050798554987,0.19856262499345217,128,19526,0.264973502649735,inconclusive,0.28263840282638397,inconclusive
qwen3_4b,18,13,-0.004351719742266891,-0.00435183100264226,-0.005405865760230188,-0.0033794313690296064,1.0,9.999000099990002e-05,improve,0.13814681334513815,0.1260976150727059,0.3247351810849946,0.12609761458551594,128,19526,0.0005332800053328001,improve,0.0005332800053328001,improve
qwen3_4b,18,14,0.005466081782782961,0.005466039083317315,0.003272930835729501,0.007676164390312338,0.0,9.999000099990002e-05,degrade,0.38290733249708153,0.25207928478489433,0.5764765635913055,0.25207928283613457,128,19526,0.0005332800053328001,degrade,0.0005332800053328001,degrade
qwen3_4b,18,15,0.0004120857686547019,0.0004119920544994057,-0.0011118849324668275,0.0020611729733896753,0.3118,0.5999400059994,inconclusive,0.3697239920858527,0.26075480571956317,0.558043942506286,0.26075480571956317,128,19526,0.7479771503369144,inconclusive,0.778300548323546,inconclusive
qwen3_4b,18,16,0.00438642907213449,0.004386344967496013,0.0031061016134594725,0.005714395798401741,0.0,9.999000099990002e-05,degrade,0.4077261621467912,0.2279171871804034,0.5592242536873653,0.22791719010354305,128,19526,0.0005332800053328001,degrade,0.0005332800053328001,degrade
qwen3_4b,18,17,-0.0009794007629251311,-0.0009794890557011412,-0.0017778762955282645,-0.00016563774291414554,0.9918,0.021497850214978503,improve,0.18889952619413763,0.13235461112030925,0.3583492196230444,0.13235461014592936,128,19526,0.06069981237170401,inconclusive,0.06657398776251407,inconclusive
qwen3_4b,18,18,0.0003705496037333944,0.000370518919215954,-0.0003814617677341371,0.0010933001335833804,0.1678,0.33386661333866613,inconclusive,0.13099132893490456,0.10024698727584586,0.2964725245917894,0.10024698678865591,128,19526,0.4959339117634628,inconclusive,0.5377062293770624,inconclusive
qwen3_4b,18,19,-0.00323817042020913,-0.0032382549888394377,-0.004323194708203474,-0.002156876899410107,1.0,9.999000099990002e-05,improve,0.26632610043346655,0.2017484974282607,0.44638815693471623,0.20174849840264059,128,19526,0.0005332800053328001,improve,0.0005332800053328001,improve
qwen3_4b,18,20,-0.0011239771250513009,-0.0011241232825023992,-0.0020629053414882074,-0.0001853920171503057,0.9898,0.0230976902309769,improve,0.17334008393464265,0.12607756330896916,0.3599561396534263,0.12607756379615911,128,19526,0.06458383287884804,inconclusive,0.0692930706929307,inconclusive
qwen3_4b,18,21,-0.0024737274379353913,-0.002473722102028369,-0.0035530106200594674,-0.0013818752686572471,1.0,9.999000099990002e-05,improve,0.23747401523711886,0.19377772987726244,0.4358582575811432,0.19377772987726244,128,19526,0.0005332800053328001,improve,0.0005332800053328001,improve
qwen3_4b,18,22,0.002318960836672712,0.0023188842657976775,0.0013769612443775268,0.003245302078703062,0.0,0.00019998000199980003,degrade,0.11806800959210743,0.09766739422638603,0.3032326806702985,0.09766739520076591,128,19526,0.0010104252732621476,degrade,0.0009599040095990401,degrade
qwen3_4b,18,23,-0.00012278300407153608,-0.0001228017713231629,-0.0008831115770728113,0.0006158028863080411,0.6372,0.7450254974502549,inconclusive,0.12893050572576803,0.08113508163588562,0.28755372438394244,0.08113508212307556,128,19526,0.848092265872227,inconclusive,0.835763614649771,inconclusive
qwen3_4b,18,24,0.0009197222213330747,0.0009196618291231058,-9.922078295377422e-05,0.0019951184148848966,0.0366,0.08509149085091491,inconclusive,0.22992288874483657,0.1564424663363441,0.41769222878252715,0.1564424663363441,128,19526,0.19449483623066266,inconclusive,0.21496797688652186,inconclusive
qwen3_4b,18,25,0.0007090781001934943,0.0007089991605173158,-0.00014310947073757757,0.001576060199475519,0.0518,0.10648935106489352,inconclusive,0.1571601482795725,0.10235448474323765,0.33464464696735563,0.10235448376885777,128,19526,0.225332211304417,inconclusive,0.24340423100547087,inconclusive
qwen3_4b,18,26,-0.0012213157896843185,-0.0012213657176556871,-0.0020271175102076744,-0.00040009501527401594,0.9982,0.005699430056994301,improve,0.19618256959878622,0.12495818594863131,0.3825013707576279,0.12495818594863131,128,19526,0.020264640202646404,improve,0.021044049441209727,improve
qwen3_4b,18,27,-0.0016356521633014154,-0.0016357322141160294,-0.0028055104137700067,-0.0005387494309980154,0.9996,0.003999600039996,improve,0.21475521297138161,0.13016312697838092,0.40690153275413077,0.13016312697838092,128,19526,0.01535846415358464,improve,0.01535846415358464,improve
qwen3_4b,18,28,-0.001682277196110249,-0.001682345891333403,-0.0024868330774284555,-0.0008537787660490599,1.0,0.0004999500049995,improve,0.21997047463291602,0.16996237558727825,0.4073031701956368,0.16996237607446818,128,19526,0.002181600021816,improve,0.002181600021816,improve
qwen3_4b,18,29,0.001536337967645629,0.001536335977364622,0.0003769439483409594,0.0027678308095827444,0.0044,0.0156984301569843,degrade,0.26880537011157507,0.25451689972274605,0.46980937309801046,0.25451689972274605,128,19526,0.04861449338937073,degrade,0.0519672170713963,inconclusive
qwen3_4b,18,30,-0.0016645599337103967,-0.001664615478425757,-0.0025661831275999238,-0.0008133971512260924,1.0,0.00039996000399960006,improve,0.17469156102050157,0.16222263496954323,0.3670078077840013,0.16222263496954323,128,19526,0.0018283885897124575,improve,0.0018283885897124573,improve
qwen3_4b,18,31,0.0036486307519458805,0.0036486025827531503,0.0025169841321038893,0.004820321815874833,0.0,9.999000099990002e-05,degrade,0.24938629267316212,0.18791370221329223,0.44331480296635534,0.18791370221329223,128,19526,0.0005332800053328001,degrade,0.0005332800053328001,degrade
qwen3_4b,31,0,-0.0001361365935164116,-0.00013620190648261878,-0.0006810238690178886,0.0003830692121946371,0.6934,0.6292370762923708,inconclusive,0.13017421054961886,0.0287428039852839,0.2800059263733612,0.0287428039852839,128,19526,0.769102750741875,inconclusive,0.7942901912340411,inconclusive
qwen3_4b,31,1,0.0004246891564450017,0.0004246116942171556,-0.0005396895518188958,0.0015875937587135772,0.228,0.5141485851414859,inconclusive,0.21726476686363172,0.044183557517683825,0.37744204349444743,0.044183557517683825,128,19526,0.6823723157638154,inconclusive,0.6855314468553144,inconclusive
qwen3_4b,31,2,0.00038839189974249066,0.000388388456434277,-0.0005623924494762786,0.0014002900351152447,0.2242,0.45465453454654536,inconclusive,0.23064541433049343,0.06262569013378781,0.3994288224065593,0.0626256894030029,128,19526,0.6325628306734544,inconclusive,0.6714897740995132,inconclusive
qwen3_4b,31,3,-0.0008255219002868408,-0.0008255656376293323,-0.0018138376645482508,0.00015160939938351487,0.95,0.11178882111788821,inconclusive,0.25711689799224735,0.11545277129035647,0.44373261901153915,0.11545277129035647,128,19526,0.2299655748710843,inconclusive,0.2439028824390288,inconclusive
qwen3_4b,31,4,-0.000387704214892981,-0.00038777879548710194,-0.0009353384384268784,0.0001333964307305882,0.926,0.14708529147085292,inconclusive,0.08547832713121047,0.026048992298267504,0.22458272376127475,0.026048992420064993,128,19526,0.28240375962403763,inconclusive,0.3069606082869974,inconclusive
qwen3_4b,31,5,8.964909767872342e-06,8.841817598539238e-06,-0.000520178922846457,0.0005316463920936615,0.4798,0.9726027397260274,inconclusive,0.08175827893565289,0.025612270238299022,0.2189198305171416,0.025612270116501537,128,19526,0.9832159641178739,inconclusive,0.9798020197980201,inconclusive
qwen3_4b,31,6,7.885869721757643e-05,7.879574084201334e-05,-0.0004167216238435741,0.0005760903704584355,0.3726,0.7618238176182381,inconclusive,0.07593770447361972,0.023211472731744953,0.20600335619306503,0.023211472731744953,128,19526,0.8557655862320744,inconclusive,0.835763614649771,inconclusive
qwen3_4b,31,7,-0.00026899730647622633,-0.0002690212753211501,-0.0007845686846519924,0.00021755047443116338,0.8476,0.3056694330566943,inconclusive,0.07913280647833229,0.021877509880796703,0.21185320760402948,0.021877509880796703,128,19526,0.4732946060232686,inconclusive,0.5059356133352182,inconclusive
qwen3_4b,31,8,0.00037595105564358633,0.00037583434946844964,-0.0003029623008204775,0.0010272485306178595,0.1304,0.27587241275872415,inconclusive,0.19444472214271283,0.051804947639942776,0.3560784175478179,0.051804947639942776,128,19526,0.4465153484651535,inconclusive,0.49056147016877266,inconclusive
qwen3_4b,31,9,-0.0007197184603220386,-0.0007197853850497827,-0.0014346174229358537,-1.1155977475517678e-06,0.975,0.053594640535946404,improve,0.3081952929344518,0.1492682903966989,0.4792330901437031,0.149268289422319,128,19526,0.13192526901156038,inconclusive,0.14291904142919043,inconclusive
qwen3_4b,31,10,0.0020718194050561856,0.0020717183158715877,0.0010869255626668529,0.0029811780079221713,0.0,9.999000099990002e-05,degrade,0.4669329218176285,0.15302184240114644,0.5951926727100046,0.15302184240114644,128,19526,0.0005332800053328001,degrade,0.0005332800053328001,degrade
qwen3_4b,31,11,-0.0011285283484201436,-0.0011285872021305576,-0.0023262775932340876,0.00015052669490878866,0.9588,0.09209079092090791,inconclusive,0.32204523293603576,0.128529166931698,0.47689100828207315,0.128529166931698,128,19526,0.20559804484667812,inconclusive,0.2266850238053118,inconclusive
qwen3_4b,31,12,0.0003512944279422392,0.00035122907834500913,-0.00025266006813261797,0.0009648828953452573,0.1316,0.26317368263173685,inconclusive,0.11490289826959486,0.030665057341866718,0.23542853558809518,0.030665057341866718,128,19526,0.4393197043931971,inconclusive,0.4901048356702792,inconclusive
qwen3_4b,31,13,-0.00011589365221365,-0.00011596940499793845,-0.0006037495824947368,0.0003880551301590056,0.6694,0.6495350464953504,inconclusive,0.06032243804152137,0.019515793655414997,0.17157741415089575,0.019515793655414997,128,19526,0.7827033196261963,inconclusive,0.7942901912340411,inconclusive
qwen3_4b,31,14,-0.00032373702051113895,-0.00032379477529341136,-0.0008963032378506628,0.00020733378693393048,0.8802,0.24907509249075094,inconclusive,0.0600823693500777,0.017087737749667306,0.17155031128709192,0.01708773781056605,128,19526,0.4244593292150075,inconclusive,0.4782241775822418,inconclusive
qwen3_4b,31,15,-0.00023871416636778164,-0.00023874008886323018,-0.0007232597725155733,0.0002722472082299895,0.8204,0.35426457354264573,inconclusive,0.06612483934424389,0.019099457997776386,0.18198582440957256,0.01909945805867513,128,19526,0.5205520264300101,inconclusive,0.5575311321326883,inconclusive
qwen3_4b,31,16,-0.0013339710714239672,-0.0013339975922246649,-0.0020807675022114585,-0.0005817199177741224,0.9994,0.0010998900109989002,improve,0.2403707881844668,0.11726166102773537,0.4177888073683699,0.11726166005335549,128,19526,0.0045252617595383324,improve,0.0045908452632997575,improve
qwen3_4b,31,17,-0.0034142052383678845,-0.0034143168772633272,-0.004381893186263759,-0.0024705456906706177,1.0,9.999000099990002e-05,improve,0.25108115341167037,0.129751986409817,0.44617160685065455,0.129751986409817,128,19526,0.0005332800053328001,improve,0.0005332800053328001,improve
qwen3_4b,31,18,0.0008188826156469986,0.0008188103428021765,-0.00013651438558359182,0.001807317870328769,0.0474,0.10058994100589941,inconclusive,0.27972418832596235,0.10965160939885282,0.4633315280022749,0.10965160939885282,128,19526,0.21459187414591874,inconclusive,0.23552766674552056,inconclusive
qwen3_4b,31,19,-0.0011079978298167426,-0.0011080975148151074,-0.002009756785028116,-0.00020228393009008857,0.9904,0.0164983501649835,improve,0.29465807431197866,0.15478222141777417,0.4863069478274914,0.15478222239215408,128,19526,0.050548136675694126,inconclusive,0.0527947205279472,inconclusive
qwen3_4b,31,20,-0.0003324518630609674,-0.00033257037636247875,-0.0008052561547008693,0.00014400240900997203,0.916,0.17518248175182483,inconclusive,0.08384059745233177,0.018309604771444776,0.21754613513386264,0.018309604771444776,128,19526,0.3276139918475685,inconclusive,0.35781953719521664,inconclusive
qwen3_4b,31,21,-0.00035344500601786066,-0.0003534893660861352,-0.0009064347881261502,0.00019140550452502938,0.8984,0.2273772622737726,inconclusive,0.0821036035530412,0.016099308520593558,0.2110299530613925,0.016099308459694813,128,19526,0.40174632843464114,inconclusive,0.4517425808439564,inconclusive
qwen3_4b,31,22,-0.00015277856687889724,-0.00015280911708285937,-0.0008370332575023576,0.0005223868463599652,0.6692,0.6619338066193381,inconclusive,0.1725508084546865,0.0451884502347554,0.30264045257373484,0.0451884502347554,128,19526,0.7910246319766364,inconclusive,0.7943205679432057,inconclusive
qwen3_4b,31,23,0.00029891784911795227,0.00029887064404630713,-0.00023531899833041092,0.0008493768924129335,0.1378,0.29127087291270876,inconclusive,0.1180060068766276,0.02264837347836939,0.25134606099524565,0.02264837347836939,128,19526,0.4559022358633702,inconclusive,0.49056147016877266,inconclusive
qwen3_4b,31,24,0.00011244272460420035,0.00011237843730441618,-0.0004540348808817622,0.0006809108360036286,0.352,0.698030196980302,inconclusive,0.21493537971038623,0.04914554045422628,0.3929488551114254,0.04914554045422628,128,19526,0.8106157126222862,inconclusive,0.8141836418767762,inconclusive
qwen3_4b,31,25,0.00015349125845043332,0.0001533855537673214,-0.0004772388692724082,0.0007941725198841131,0.3184,0.641035896410359,inconclusive,0.2508412786218246,0.057471658748076186,0.395828576410715,0.05747165923526613,128,19526,0.7757073032192578,inconclusive,0.7942901912340411,inconclusive
qwen3_4b,31,26,-0.0010299518510574757,-0.0010300393257426346,-0.0019450640538199201,-4.728696236111869e-05,0.979,0.0400959904009599,improve,0.4253617287900104,0.16266517736598146,0.560032283544236,0.16266517639160155,128,19526,0.10310397531675404,inconclusive,0.1166428811664288,inconclusive
qwen3_4b,31,27,-0.0006183912235608879,-0.0006184260840055995,-0.0012418404084896947,2.7444150039723078e-05,0.9696,0.0580941905809419,inconclusive,0.1315282999479603,0.034028615622684874,0.2684639883224078,0.034028615622684874,128,19526,0.1405977049353888,inconclusive,0.15073087285866008,inconclusive
qwen3_4b,31,28,-0.0009645717768935747,-0.0009645994210431264,-0.0014529999363775887,-0.0004641193773605288,1.0,0.00019998000199980003,improve,0.09678338295655232,0.037835993590178314,0.25340699625806945,0.037835993590178314,128,19526,0.0010104252732621476,improve,0.0009599040095990401,improve
qwen3_4b,31,29,-0.0004595235199222891,-0.0004596231072381006,-0.0009749059027468884,7.983781373465179e-05,0.95,0.09479052094790522,inconclusive,0.1387202251916644,0.053724930082396684,0.33477571178061144,0.053724930082396684,128,19526,0.20993320515276714,inconclusive,0.22749725027497253,inconclusive
qwen3_4b,31,30,0.0006606900934968962,0.0006606088338615732,2.324972030604656e-05,0.0012898746000640257,0.0226,0.0451954804519548,degrade,0.1307248876773839,0.047260500736163495,0.3043380269602341,0.047260500492568525,128,19526,0.11318520321880855,inconclusive,0.1276107683349312,inconclusive
qwen3_4b,31,31,-0.00029699233153879234,-0.00029703307735447416,-0.0008118813776030067,0.00021039606143742626,0.8738,0.26547345265473454,inconclusive,0.07019526358612957,0.03370136757920072,0.20261706355887812,0.03370136733560574,128,19526,0.4393197043931971,inconclusive,0.4901048356702792,inconclusive
qwen3_8b,6,0,4.7175180688530105e-05,4.725520708247627e-05,-0.0007413740840834953,0.0008464666139573947,0.4524,0.905009499050095,inconclusive,0.19249778737814796,0.13570765352797234,0.3496871392845651,0.13570765450235223,128,19526,0.9538783347942578,inconclusive,0.95020285205522,inconclusive
qwen3_8b,6,1,5.9566011343825664e-05,5.9564698735160634e-05,-0.0008012680418064066,0.000904811202816405,0.4502,0.8962103789621038,inconclusive,0.18257879985551115,0.121263023659035,0.3290142093429468,0.12126302414622496,128,19526,0.9513636871606957,inconclusive,0.95020285205522,inconclusive
qwen3_8b,6,2,0.00041612435422644367,0.00041616862271758335,-0.0004531992624484365,0.001243344271162723,0.181,0.3334666533346665,inconclusive,0.0812521112376246,0.08693798937255548,0.19967539605814227,0.08693798937255548,128,19526,0.4959339117634628,inconclusive,0.5257441468967857,inconclusive
qwen3_8b,6,3,0.0004920697683536979,0.000492146705538355,-0.00031059427364412464,0.0013134421894520187,0.114,0.24737526247375263,inconclusive,0.11750148222668721,0.10581495594399795,0.25609068011872155,0.10581495594399795,128,19526,0.42407187852643313,inconclusive,0.47496050394960504,inconclusive
qwen3_8b,6,4,0.00038530356959975975,0.00038529674403432767,-0.0005611532417481611,0.0013758601438162757,0.2284,0.46265373462653736,inconclusive,0.10478172253527099,0.10191298395890082,0.24133286262989653,0.10191298347171086,128,19526,0.6393236274458678,inconclusive,0.6852237853137764,inconclusive
qwen3_8b,6,5,-0.0006894603269356203,-0.0006893457209344747,-0.0016325997975668795,0.00024535097607618095,0.9292,0.15978402159784022,inconclusive,0.3888398590672519,0.23914380615546177,0.5253653476369183,0.23914380615546177,128,19526,0.3007699230076992,inconclusive,0.35672711798587586,inconclusive
qwen3_8b,6,6,-0.0007612296185213197,-0.0007611453368333377,-0.0017909113774948603,0.00019139740961936195,0.9418,0.14008599140085992,inconclusive,0.08870756361219619,0.07015563433806711,0.22596642115411478,0.07015563433806711,128,19526,0.2744541872343378,inconclusive,0.339712370226392,inconclusive
qwen3_8b,6,7,0.0005067362106934148,0.0005068092955241838,-0.00040541978779813897,0.0014657757142095566,0.1412,0.29387061293870614,inconclusive,0.13767853465269048,0.12319911308824483,0.3119193046638031,0.12319911357543478,128,19526,0.45748506230458036,inconclusive,0.494939979686242,inconclusive
qwen3_8b,6,8,0.000986540182001061,0.000986510254522822,-0.00013826287714509243,0.00205364004422966,0.0458,0.0836916308369163,inconclusive,0.11821674916936063,0.1329710350182778,0.26568226722921906,0.1329710350182778,128,19526,0.19282551744825516,inconclusive,0.2672732726727327,inconclusive
qwen3_8b,6,9,-6.743062535186084e-05,-6.74327194208397e-05,-0.0015494476386455414,0.0014106259954697047,0.5442,0.9294070592940706,inconclusive,0.47748582628038194,0.3429442297300921,0.5812533752519357,0.3429442297300921,128,19526,0.9604200870235556,inconclusive,0.95020285205522,inconclusive
qwen3_8b,6,10,-0.0010449808908634672,-0.001044965811126437,-0.0021879296071661215,0.00010440167243235332,0.9618,0.08159184081591841,inconclusive,0.20540382024733347,0.1816584824602266,0.37624468748596895,0.1816584824602266,128,19526,0.1895036302821331,inconclusive,0.2672732726727327,inconclusive
qwen3_8b,6,11,0.0011614496976788402,0.0011615273796924737,0.00021176414390460638,0.0021310169659668633,0.008,0.020997900209979003,degrade,0.11500098958021532,0.12887322972712997,0.24791196918122158,0.12887322923994005,128,19526,0.060445440604454406,inconclusive,0.09690459525476024,inconclusive
qwen3_8b,6,12,-0.0006339954179681584,-0.0006338981628222604,-0.0017083091281697676,0.00047349493996124467,0.865,0.264973502649735,inconclusive,0.1636410578000591,0.09043389535955086,0.2952661253635606,0.09043389535955086,128,19526,0.4393197043931971,inconclusive,0.4772856047728561,inconclusive
qwen3_8b,6,13,0.000764980626792422,0.0007650241016132793,-8.154336714502456e-05,0.0015894865515592793,0.0376,0.07029297070292971,inconclusive,0.05819252691354179,0.05299100547001279,0.160350535016407,0.05299100547001279,128,19526,0.16458841920685982,inconclusive,0.2410044709814733,inconclusive
qwen3_8b,6,14,0.0010298643275312713,0.0010299185962690677,-0.000197027253706581,0.0022688800809941775,0.0504,0.10018998100189981,inconclusive,0.19255340595659473,0.11190394941113156,0.30707563397832605,0.11190394941113156,128,19526,0.21459187414591874,inconclusive,0.27480680503378235,inconclusive
qwen3_8b,6,15,0.0030031947587509933,0.00300318749361469,0.0017448422648244431,0.00425027124684954,0.0,9.999000099990002e-05,degrade,0.43622578588025324,0.2899311304396901,0.5076860235416417,0.28993112849093033,128,19526,0.0005332800053328001,degrade,0.001371291442284343,degrade
qwen3_8b,6,16,-0.00037089969783865584,-0.0003708649106559531,-0.0012088102252015463,0.0003973281157845782,0.8112,0.3641635836416358,inconclusive,0.07254464915581285,0.0782665155247558,0.18453724691846513,0.0782665155247558,128,19526,0.5296924852969248,inconclusive,0.5638661940257587,inconclusive
qwen3_8b,6,17,0.0006178535790422046,0.0006178805760449346,-0.0001902504559037087,0.0014427816488279605,0.0696,0.14238576142385762,inconclusive,0.11100460992766828,0.13515900895665584,0.27152696027305084,0.13515900798227595,128,19526,0.2770749952031824,inconclusive,0.339712370226392,inconclusive
qwen3_8b,6,18,0.0007083028918173362,0.0007083536378797371,-0.0007288898709246208,0.002049544565257539,0.1614,0.32226777322267774,inconclusive,0.4740060798966565,0.28972756689078966,0.5839002178089828,0.28972756689078966,128,19526,0.4910747020536042,inconclusive,0.5243679021928316,inconclusive
qwen3_8b,6,19,0.0005636014960823665,0.0005636400989879048,-0.0003119281100971304,0.001526720670091616,0.1138,0.23567643235676433,inconclusive,0.09650692653534208,0.11023259168992706,0.24147962957506436,0.11023259168992706,128,19526,0.4088844127635429,inconclusive,0.4617334184948852,inconclusive
qwen3_8b,6,20,-0.0003528698514161377,-0.0003528253997701926,-0.0012870765980438734,0.0005805838704076112,0.7752,0.46395360463953605,inconclusive,0.0799345491489688,0.09275179774063909,0.21028950570643634,0.09275179822782904,128,19526,0.6393236274458678,inconclusive,0.6852237853137764,inconclusive
qwen3_8b,6,21,-0.00037281271205680255,-0.0003728186279538346,-0.0013555994196854343,0.0005553318142995299,0.7918,0.44085591440855915,inconclusive,0.12924564064386398,0.10084932602532827,0.2487555424676849,0.10084932602532827,128,19526,0.6163422492702186,inconclusive,0.6717804410035187,inconclusive
qwen3_8b,6,22,0.0008211082138878112,0.0008211604129776021,-0.0001595919879755337,0.001714962783131954,0.052,0.08909109089091091,inconclusive,0.14238085984270235,0.10515689874213013,0.2690019346897325,0.10515689874213013,128,19526,0.20045495450454956,inconclusive,0.2672732726727327,inconclusive
qwen3_8b,6,23,-0.00014693949733679545,-0.00014697069468757576,-0.0013479683851070033,0.001057811352930559,0.6048,0.8182181781821818,inconclusive,0.3474332670599108,0.25205785914551404,0.4843294087649914,0.2520578610942738,128,19526,0.8926016489260165,inconclusive,0.9241052365351701,inconclusive
qwen3_8b,6,24,-0.0002143076058844784,-0.00021429541388654958,-0.0009714409160463898,0.000531430892935718,0.7224,0.581041895810419,inconclusive,0.09230787586587294,0.10882136709084152,0.23327931566104426,0.10882136660365158,128,19526,0.7307426462593916,inconclusive,0.751028897110289,inconclusive
qwen3_8b,6,25,-0.0005141882137920106,-0.0005141999906391245,-0.0020321469495871614,0.0007443936066964539,0.7614,0.5444455554444556,inconclusive,0.2617806523543513,0.16879571010935504,0.4215160326025952,0.16879571010935504,128,19526,0.706307747603618,inconclusive,0.7466681903238248,inconclusive
qwen3_8b,6,26,-0.00010732884999464787,-0.00010724803603575828,-0.001219404415443873,0.001057650316286167,0.5728,0.8562143785621438,inconclusive,0.408548320512053,0.26660769524702166,0.5408632339341126,0.2666076971957814,128,19526,0.9235570824939978,inconclusive,0.9447882797927103,inconclusive
qwen3_8b,6,27,0.0013271942498143119,0.001327252206066819,0.00020903235077748776,0.002548042529167818,0.0088,0.029397060293970604,degrade,0.15963826039437284,0.12144586701959485,0.2883889219008795,0.12144586701959485,128,19526,0.07912479780059378,inconclusive,0.12437017167848433,inconclusive
qwen3_8b,6,28,-0.0012587508522288182,-0.0012587332388520253,-0.0026231284827866476,-2.5651428123159353e-05,0.978,0.061693830616938304,improve,0.40912369378529595,0.293915005387931,0.5422282368744014,0.293915005387931,128,19526,0.14806519348065192,inconclusive,0.21935584219355841,inconclusive
qwen3_8b,6,29,0.0008108429545861107,0.0008108748784505306,-7.782657131535048e-05,0.001673962130249754,0.0368,0.08749125087491251,inconclusive,0.11894619236503981,0.151566557317858,0.28345032907537115,0.151566557317858,128,19526,0.19840535631476222,inconclusive,0.2672732726727327,inconclusive
qwen3_8b,6,30,-0.0005414705472830406,-0.0005413702639793014,-0.0014511654178589039,0.0003281677544522369,0.8878,0.2273772622737726,inconclusive,0.11234546237521702,0.11549964212975435,0.27429751302395133,0.11549964212975435,128,19526,0.40174632843464114,inconclusive,0.46155384461553844,inconclusive
qwen3_8b,6,31,0.0014083160553557406,0.0014084021685908078,-0.00024583902402821727,0.0030051667693520843,0.0446,0.09909009099090091,inconclusive,0.13124391597197277,0.2499414651025453,0.31807407169658714,0.2499414660769252,128,19526,0.21459187414591874,inconclusive,0.27480680503378235,inconclusive
qwen3_8b,18,0,-0.0015083179358610366,-0.001508288356376991,-0.002614542477202829,-0.00041618551062234396,0.9964,0.0081991800819918,improve,0.17549185235229336,0.17300053446685673,0.3519499641116399,0.17300053349247685,128,19526,0.028111474566829033,improve,0.05159484051594841,inconclusive
qwen3_8b,18,1,0.00023197485484116598,0.0002319927551603996,-0.0006092687836296237,0.0010631406859777455,0.2858,0.5867413258674132,inconclusive,0.11356949154596828,0.11104347258235303,0.28645652390987936,0.11104347306954297,128,19526,0.7347021819557175,inconclusive,0.751028897110289,inconclusive
qwen3_8b,18,2,0.008147077434414562,0.00814713924302071,0.0061101955387646255,0.010551700457121897,0.0,9.999000099990002e-05,degrade,0.3915911726872431,0.28835601806640626,0.5294838877321051,0.28835601806640626,128,19526,0.0005332800053328001,degrade,0.001371291442284343,degrade
qwen3_8b,18,3,-0.0024481955749706685,-0.002448133393949653,-0.0037280614295192973,-0.0012010647351603392,1.0,0.00039996000399960006,improve,0.21702482338000378,0.20099472396675197,0.37769219799212267,0.20099472396675197,128,19526,0.0018283885897124575,improve,0.0038396160383961605,improve
qwen3_8b,18,4,0.0024705765909875943,0.00247066797297301,0.00021521011853947288,0.0043883270608550875,0.0166,0.0211978802119788,degrade,0.4332246821806653,0.19776672421744043,0.5568364071511065,0.19776672421744043,128,19526,0.060445440604454406,inconclusive,0.09690459525476024,inconclusive
qwen3_8b,18,5,-0.00013588652629836773,-0.00013585085997287947,-0.0009475806766774824,0.0006394967247711281,0.6408,0.7341265873412659,inconclusive,0.16058985294814615,0.10671372736398592,0.3400627711114603,0.10671372736398592,128,19526,0.839001814104304,inconclusive,0.8594652729848966,inconclusive
qwen3_8b,18,6,-0.0011856687077487216,-0.0011855683633932676,-0.0020195333262842826,-0.0003760987090757216,0.9978,0.0065993400659934,improve,0.1821331857264727,0.11626472473144531,0.3671727391190608,0.11626472473144531,128,19526,0.02317816998787926,improve,0.045252617595383314,improve
qwen3_8b,18,7,-0.002274173797916834,-0.002274095407704966,-0.0034102127564149104,-0.0011199355955983745,1.0,0.00029997000299970003,improve,0.17945485364736116,0.1332195851994657,0.36966823806860133,0.1332195851994657,128,19526,0.00143985601439856,improve,0.0031996800319968005,improve
qwen3_8b,18,8,-0.0010434054673895687,-0.001043384758698138,-0.0018339882293599633,-0.00027051484476399375,0.9934,0.010698930106989302,improve,0.17311770267413493,0.10951434509355294,0.35128444803172143,0.10951434606793282,128,19526,0.034621256975426055,improve,0.06041748766299841,inconclusive
qwen3_8b,18,9,-0.0002847515412143231,-0.0002847067232590089,-0.0010524750869068593,0.000483678794172705,0.7612,0.47585241475852413,inconclusive,0.11927476495618565,0.0845443150701803,0.2762028992556673,0.08454431555737024,128,19526,0.649504717774668,inconclusive,0.6921489669214896,inconclusive
qwen3_8b,18,10,0.0007686941249809287,0.0007687267509381522,0.00011209484952921943,0.0014596994557889789,0.0108,0.032396760323967606,degrade,0.07913807811712702,0.0644033651242311,0.21588334513502255,0.0644033651242311,128,19526,0.08559877957158413,inconclusive,0.12958704129587043,inconclusive
qwen3_8b,18,11,-7.757085104476147e-05,-7.754717524711267e-05,-0.000995002819625408,0.0007542028227119911,0.5538,0.8665133486651335,inconclusive,0.054603988092064404,0.04480719706412324,0.17295726371755393,0.04480719669873078,128,19526,0.931178523938651,inconclusive,0.9452872894528729,inconclusive
qwen3_8b,18,12,-0.00022197216611807846,-0.00022189391632494252,-0.0010761562206506058,0.0006325337288325165,0.6826,0.6095390460953904,inconclusive,0.2304648729424215,0.18903253002337264,0.44581316756714956,0.18903252710023297,128,19526,0.7566691606701399,inconclusive,0.769419161979906,inconclusive
qwen3_8b,18,13,-0.0011425946294365552,-0.0011425864424212697,-0.0019318472935840514,-0.00036488327914287877,0.9976,0.0053994600539946005,improve,0.12200930949828634,0.11349612171470282,0.30886158851828155,0.11349612074032292,128,19526,0.019684107538613226,improve,0.039872935783344735,improve
qwen3_8b,18,14,0.004401295568248642,0.004401313560145514,0.002656970840190883,0.006175111871853854,0.0,9.999000099990002e-05,degrade,0.3704830408400807,0.24141381898297812,0.5730134420772469,0.2414138209317379,128,19526,0.0005332800053328001,degrade,0.001371291442284343,degrade
qwen3_8b,18,15,0.0006973874577487216,0.000697397079475588,-0.00046449691462001076,0.0019415652531714815,0.1272,0.27777222277772223,inconclusive,0.34156015038033555,0.2374930146705754,0.5401761480065902,0.2374930156449553,128,19526,0.4465153484651535,inconclusive,0.4784093019269502,inconclusive
qwen3_8b,18,16,0.0023103710277321277,0.0023103938732285927,0.0011097855544024442,0.0035935698986076744,0.0002,0.0005999400059994001,degrade,0.39238028690732757,0.2162397820678555,0.53348792649777,0.21623978401661528,128,19526,0.002578846592952645,degrade,0.005235840052358401,degrade
qwen3_8b,18,17,-0.0011423820723011069,-0.0011423546235165513,-0.002158989218982373,-0.00021271381570775523,0.9942,0.0170982901709829,improve,0.17917709399304932,0.1289198279837539,0.341927121334149,0.12891982847094383,128,19526,0.05076605741487707,inconclusive,0.08639136086391361,inconclusive
qwen3_8b,18,18,0.0002231849921261464,0.00022317515061329735,-0.0005669780327308365,0.0009801505509100467,0.293,0.5726427357264273,inconclusive,0.11376132015067499,0.08936803045552962,0.26707497958479254,0.08936803045552962,128,19526,0.7257379525205373,inconclusive,0.751028897110289,inconclusive
qwen3_8b,18,19,-0.0010171359061317276,-0.0010170867413047346,-0.0019380815261565297,-0.00010524668807475545,0.9874,0.029797020297970205,improve,0.22742859510321878,0.1804446194820477,0.3967330016700092,0.1804446194820477,128,19526,0.07945872079458721,inconclusive,0.12437017167848433,inconclusive
qwen3_8b,18,20,-0.0006353457809460394,-0.0006353256034030541,-0.001574176388540028,0.0002647326587045185,0.9134,0.19208079192080793,inconclusive,0.14597675669391189,0.1107770654281285,0.3080266443401156,0.1107770654281285,128,19526,0.3501219498303334,inconclusive,0.4075418545102011,inconclusive
qwen3_8b,18,21,-0.0018656014736762039,-0.0018655540671344176,-0.0027959961326647033,-0.0009854314140090841,1.0,0.00019998000199980003,improve,0.2041785589732125,0.17617643071317124,0.39164997553916725,0.17617642973879136,128,19526,0.0010104252732621476,improve,0.0023997600239976003,improve
qwen3_8b,18,22,0.002269072426668295,0.0022691074336367552,0.0014577530825764197,0.0030740873964981257,0.0,9.999000099990002e-05,degrade,0.09323105939960115,0.08526792221751402,0.2547749788520589,0.08526792197391905,128,19526,0.0005332800053328001,degrade,0.001371291442284343,degrade
qwen3_8b,18,23,-0.00013772452035087923,-0.00013765907917649828,-0.001013150117610553,0.0007454487228189154,0.6272,0.7614238576142386,inconclusive,0.10649681091308594,0.06807479590443968,0.24138600336028546,0.06807479614803465,128,19526,0.8557655862320744,inconclusive,0.8704272429899869,inconclusive
qwen3_8b,18,24,0.000524766057116377,0.0005247761794659467,-0.0003226850954424935,0.0013706626128857822,0.1136,0.23077692230776922,inconclusive,0.1991827154829432,0.15498998162085678,0.37044719632710227,0.15498998162085678,128,19526,0.40281062802810624,inconclusive,0.46155384461553844,inconclusive
qwen3_8b,18,25,0.0008543546505301869,0.0008544046883943028,-3.5850405535999886e-06,0.001736362493403067,0.026,0.05779422057794221,inconclusive,0.12537545341793757,0.09857535551029756,0.2816060530271567,0.09857535551029756,128,19526,0.1405977049353888,inconclusive,0.21339404521086355,inconclusive
qwen3_8b,18,26,-0.00014426377810350388,-0.0001442392720045961,-0.0009570164737995413,0.0006714198687160056,0.6402,0.7308269173082692,inconclusive,0.1617207708638899,0.11791395525974942,0.33768532218299757,0.11791395525974942,128,19526,0.8385583752381733,inconclusive,0.8594652729848966,inconclusive
qwen3_8b,18,27,-0.0005583875945851524,-0.0005583045339286419,-0.001561474636530352,0.0003550509134305955,0.8754,0.2633736626337366,inconclusive,0.18265896842245247,0.12403417224323765,0.36032607467086225,0.12403417126885775,128,19526,0.4393197043931971,inconclusive,0.4772856047728561,inconclusive
qwen3_8b,18,28,-0.0010702001698055241,-0.001070159430095044,-0.0019004720478987631,-0.000216351693341956,0.9916,0.012198780121987801,improve,0.2077476754803615,0.15954297627221276,0.38822624820402296,0.15954297822097252,128,19526,0.038607128298159196,improve,0.0650601606506016,inconclusive
qwen3_8b,18,29,-0.0009460292926739555,-0.0009460064288620625,-0.002022951951560183,0.00016864439750281245,0.952,0.09549045095490451,inconclusive,0.23721897617305984,0.21933940531802512,0.43918021483439595,0.21933940531802512,128,19526,0.20993320515276714,inconclusive,0.27480680503378235,inconclusive
qwen3_8b,18,30,-0.0012220159778948414,-0.0012219608483299373,-0.0020556028325369406,-0.000432352301093922,0.9986,0.0045995400459954,improve,0.1584245859587025,0.13826659581365866,0.342533898871216,0.13826659581365866,128,19526,0.01720347445774903,improve,0.0367963203679632,improve
qwen3_8b,18,31,0.004131723107171137,0.004131718216940698,0.002835252177461583,0.005518773540604059,0.0,9.999000099990002e-05,degrade,0.23547700903881555,0.1744214736334361,0.42332062897858797,0.1744214736334361,128,19526,0.0005332800053328001,degrade,0.001371291442284343,degrade
qwen3_8b,31,0,0.0001617559800073387,0.00016173277430684305,-0.0003894794844949324,0.0007195511886416632,0.2876,0.5745425457454254,inconclusive,0.15491348159419774,0.043824961237219254,0.3056444686948111,0.043824961237219254,128,19526,0.7257379525205373,inconclusive,0.751028897110289,inconclusive
qwen3_8b,31,1,0.0003520196228747885,0.00035206674857912745,-0.0002505901818333007,0.0009581327177595723,0.1284,0.2683731626837316,inconclusive,0.18859938503377435,0.04232716761329622,0.32396472039350604,0.04232716761329622,128,19526,0.4393197043931971,inconclusive,0.4772856047728561,inconclusive
qwen3_8b,31,2,0.0006904605958082399,0.0006904865427240905,1.0939402522267948e-05,0.0013626166556142058,0.0236,0.0451954804519548,degrade,0.22226716939212415,0.07348012595341123,0.379156345060502,0.07348012668419615,128,19526,0.11318520321880855,inconclusive,0.17355064493550643,inconclusive
qwen3_8b,31,3,0.0002298742902091533,0.00022991021295117877,-0.0005480524550597191,0.0009700921989371684,0.2832,0.5624437556244376,inconclusive,0.2111847678972539,0.11082544192804991,0.373502126720521,0.11082544241523987,128,19526,0.7231419715171341,inconclusive,0.751028897110289,inconclusive
qwen3_8b,31,4,0.00036729872989882395,0.0003673271616133073,-0.00016889342373917554,0.0009136603757256952,0.093,0.1952804719528047,inconclusive,0.06590898935213248,0.02265763727336703,0.1870772818495944,0.022657637151569546,128,19526,0.3537155718390425,inconclusive,0.4075418545102011,inconclusive
qwen3_8b,31,5,-0.00010599099037822413,-0.00010598741275639266,-0.0006259284834798735,0.00040030845776478353,0.6688,0.6868313168683132,inconclusive,0.06035034111480908,0.01987410030145755,0.1714797681318846,0.019874100240558804,128,19526,0.8057340607402673,inconclusive,0.8241975802419759,inconclusive
qwen3_8b,31,6,-0.00011690642444683874,-0.00011684398090425457,-0.0005893370782730337,0.0003543447506367015,0.6876,0.6282371762823717,inconclusive,0.057186422189685726,0.018995277787229262,0.16675190541936064,0.018995277543634292,128,19526,0.769102750741875,inconclusive,0.7732149861936883,inconclusive
qwen3_8b,31,7,-2.4831674754199895e-05,-2.4811881836181317e-05,-0.0005581041584661763,0.0004955775410951504,0.5468,0.9284071592840716,inconclusive,0.058383726556030115,0.017334678377075974,0.16521578188295719,0.01733467825527849,128,19526,0.9604200870235556,inconclusive,0.95020285205522,inconclusive
qwen3_8b,31,8,-0.00020112906349201154,-0.00020109603459456777,-0.0008515220100713739,0.00042349600521750355,0.7274,0.5344465553444655,inconclusive,0.1720358710940618,0.045427223488136576,0.32644290168927853,0.045427223488136576,128,19526,0.697255161361692,inconclusive,0.7444125152702121,inconclusive
qwen3_8b,31,9,-0.0015273105410735788,-0.001527312629037029,-0.002254461918387868,-0.0008149939894477024,1.0,9.999000099990002e-05,improve,0.2948336127465103,0.1434091321962242,0.4655321279552552,0.14340913122184432,128,19526,0.0005332800053328001,improve,0.001371291442284343,improve
qwen3_8b,31,10,0.0025447090177839193,0.002544750013911161,0.001368056438432645,0.003581425166570672,0.0,9.999000099990002e-05,degrade,0.4580388357812874,0.15656726296377366,0.5855870116563897,0.15656726296377366,128,19526,0.0005332800053328001,degrade,0.001371291442284343,degrade
qwen3_8b,31,11,-0.0006305694970807352,-0.0006305321029960822,-0.0015759933077914626,0.00027974308277164717,0.9112,0.1902809719028097,inconclusive,0.3226341530128762,0.13550368122670842,0.4833559350492397,0.13550368122670842,128,19526,0.34905044527394397,inconclusive,0.4075418545102011,inconclusive
qwen3_8b,31,12,-0.0001980157266272542,-0.0001980044076668121,-0.0007752451303759083,0.00038393414570554133,0.7426,0.5201479852014799,inconclusive,0.0991269970305578,0.027878924743730295,0.20472883124613367,0.02787892486552778,128,19526,0.6871679804496615,inconclusive,0.7444125152702121,inconclusive
qwen3_8b,31,13,-0.0004653375827423645,-0.00046529453528241203,-0.001032783057339641,9.330037381435944e-05,0.9498,0.1095890410958904,inconclusive,0.044003218069843864,0.01559797362501746,0.138794586454467,0.01559797362501746,128,19526,0.22747653292224734,inconclusive,0.28433913365420216,inconclusive
qwen3_8b,31,14,0.00030180612548669217,0.0003018518897410874,-0.00025565463546368364,0.0008346735585878777,0.136,0.2790720927907209,inconclusive,0.04576404201268845,0.01440294936851219,0.14103875044509673,0.014402949307613445,128,19526,0.4465153484651535,inconclusive,0.4784093019269502,inconclusive
qwen3_8b,31,15,0.00025219278942190115,0.0002521973011325913,-0.00024375074415371176,0.0007240828574088773,0.1524,0.3130686931306869,inconclusive,0.05045967053331787,0.01630588046740146,0.15260579047075176,0.016305880406502715,128,19526,0.48215927070394565,inconclusive,0.5181826644921714,inconclusive
qwen3_8b,31,16,-0.0007734704088457889,-0.0007734726494384034,-0.001759242565530783,9.204525273608844e-05,0.9554,0.10718928107189281,inconclusive,0.24883239180953415,0.11694083767984714,0.42227231119479863,0.1169408371926572,128,19526,0.225332211304417,inconclusive,0.28433913365420216,inconclusive
qwen3_8b,31,17,-0.0008836500251265811,-0.0008835915316204965,-0.0020104246894079745,0.0003658617069564426,0.919,0.14508549145085492,inconclusive,0.23842584407801526,0.12210413761065837,0.43298275339801345,0.12210413761065837,128,19526,0.28043370159628334,inconclusive,0.339712370226392,inconclusive
qwen3_8b,31,18,0.0013368843545147335,0.001336908598091714,0.0003979263837746299,0.0023217160049098158,0.0022,0.008599140085991401,degrade,0.27845308832434096,0.10091008981677917,0.4551652852298352,0.10091009030396911,128,19526,0.029135909938417925,degrade,0.05159484051594841,inconclusive
qwen3_8b,31,19,0.00013421107593725168,0.0001342539219268702,-0.0007352641068239954,0.0010149733977674366,0.391,0.7616238376162384,inconclusive,0.2900027649003732,0.15160480513883276,0.4848986317523747,0.15160480513883276,128,19526,0.8557655862320744,inconclusive,0.8704272429899869,inconclusive
qwen3_8b,31,20,0.0002840138429212047,0.0002840657733837918,-0.0002809756377982284,0.0008357703594383509,0.1568,0.3340665933406659,inconclusive,0.06008640961628764,0.015195502297022639,0.17516866126127476,0.015195502053427666,128,19526,0.4959339117634628,inconclusive,0.5257441468967857,inconclusive
qwen3_8b,31,21,2.7257326769447587e-05,2.7293780660038293e-05,-0.0006151389500950546,0.0006017827149390055,0.4632,0.9304069593040696,inconclusive,0.09582895617527676,0.022513595059761447,0.23923008262273757,0.022513595181558932,128,19526,0.9604200870235556,inconclusive,0.95020285205522,inconclusive
qwen3_8b,31,22,1.88800749656437e-06,1.8700339151163834e-06,-0.0006243613720660614,0.000632843924990498,0.4948,0.9945005499450055,inconclusive,0.15871939238917326,0.04521162001413708,0.29382966042782915,0.04521162001413708,128,19526,0.9945005499450055,inconclusive,0.9945005499450055,inconclusive
qwen3_8b,31,23,-0.00010725382982945675,-0.00010720348060222651,-0.0005877383714048085,0.00036112697012767814,0.6684,0.6653334666533347,inconclusive,0.1000688292209825,0.022759722262658988,0.22137745532039482,0.022759722262658988,128,19526,0.7918018115543819,inconclusive,0.8085064911230397,inconclusive
qwen3_8b,31,24,0.0003976068767284069,0.0003975833840855172,-0.00012433042845061412,0.0009088561476817082,0.0652,0.1312868713128687,inconclusive,0.18577223981172797,0.0446669799005696,0.3480267443114923,0.0446669799005696,128,19526,0.26440992264409924,inconclusive,0.3316720959482999,inconclusive
qwen3_8b,31,25,0.00038274038061425486,0.00038274005704100447,-0.0002551710259452884,0.0010666430385829772,0.1252,0.26847315268473154,inconclusive,0.24768318088575342,0.055915449588234856,0.39173891498667984,0.055915449588234856,128,19526,0.4393197043931971,inconclusive,0.4772856047728561,inconclusive
qwen3_8b,31,26,-4.4662005147078077e-05,-4.459978138998763e-05,-0.0009892289271428289,0.000902469615344058,0.534,0.9281071892810719,inconclusive,0.3800262041932322,0.1442331920638395,0.5058831459717732,0.1442331920638395,128,19526,0.9604200870235556,inconclusive,0.95020285205522,inconclusive
qwen3_8b,31,27,0.00016403159169176007,0.0001640897249938596,-0.0004653578403891388,0.0007957276245396819,0.3166,0.6171382861713829,inconclusive,0.12378935101388515,0.029527848342369344,0.2518809127320427,0.02952784846416683,128,19526,0.7628147056538982,inconclusive,0.769419161979906,inconclusive
qwen3_8b,31,28,-7.977144256265944e-06,-7.891079862501416e-06,-0.0005487414070928711,0.0005364629749697326,0.5012,0.9764023597640236,inconclusive,0.07922818584612655,0.03167398520965381,0.2254516231298142,0.0316739853314513,128,19526,0.9832159641178739,inconclusive,0.986680279340487,inconclusive
qwen3_8b,31,29,-4.962583942580423e-05,-4.957110059074504e-05,-0.0005769564687233891,0.0004798412317249744,0.5636,0.8507149285071492,inconclusive,0.09110694534477146,0.03150291930061038,0.24655028400445503,0.0315029191788129,128,19526,0.9210748098122519,inconclusive,0.9447882797927103,inconclusive
qwen3_8b,31,30,0.0004169870861288061,0.0004169839969194657,-0.00015423974000825766,0.000986667804194705,0.0716,0.1531846815318468,inconclusive,0.09717859070876549,0.03498368110997771,0.24402089027609405,0.03498368086638274,128,19526,0.29216680980908527,inconclusive,0.3501364149299355,inconclusive
qwen3_8b,31,31,0.0001839494456108426,0.00018402806171369175,-0.0004000256333384838,0.0007473911189816798,0.2738,0.535046495350465,inconclusive,0.057512820695704125,0.026602090516461875,0.17408694465802851,0.026602090516461875,128,19526,0.697255161361692,inconclusive,0.7444125152702121,inconclusive
