model_size,curve_name,original_run_name,x_name,step,val_loss,clip_min_step,clip_max_step
194m,Baseline,run_20260412_485afd31,Step,606.0,3.198532,600,4242.0
194m,Baseline,run_20260412_485afd31,Step,707.0,3.170893,600,4242.0
194m,Baseline,run_20260412_485afd31,Step,808.0,3.140183,600,4242.0
194m,Baseline,run_20260412_485afd31,Step,909.0,3.130445,600,4242.0
194m,Baseline,run_20260412_485afd31,Step,1010.0,3.111854,600,4242.0
194m,Baseline,run_20260412_485afd31,Step,1111.0,3.096083,600,4242.0
194m,Baseline,run_20260412_485afd31,Step,1212.0,3.081016,600,4242.0
194m,Baseline,run_20260412_485afd31,Step,1313.0,3.079728,600,4242.0
194m,Baseline,run_20260412_485afd31,Step,1414.0,3.06667,600,4242.0
194m,Baseline,run_20260412_485afd31,Step,1515.0,3.066983,600,4242.0
194m,Baseline,run_20260412_485afd31,Step,1616.0,3.054609,600,4242.0
194m,Baseline,run_20260412_485afd31,Step,1717.0,3.048966,600,4242.0
194m,Baseline,run_20260412_485afd31,Step,1818.0,3.031866,600,4242.0
194m,Baseline,run_20260412_485afd31,Step,1919.0,3.044119,600,4242.0
194m,Baseline,run_20260412_485afd31,Step,2020.0,3.029218,600,4242.0
194m,Baseline,run_20260412_485afd31,Step,2121.0,3.029748,600,4242.0
194m,Baseline,run_20260412_485afd31,Step,2222.0,3.028354,600,4242.0
194m,Baseline,run_20260412_485afd31,Step,2323.0,3.019592,600,4242.0
194m,Baseline,run_20260412_485afd31,Step,2424.0,3.028246,600,4242.0
194m,Baseline,run_20260412_485afd31,Step,2525.0,3.020756,600,4242.0
194m,Baseline,run_20260412_485afd31,Step,2626.0,3.015,600,4242.0
194m,Baseline,run_20260412_485afd31,Step,2727.0,3.01089,600,4242.0
194m,Baseline,run_20260412_485afd31,Step,2828.0,3.013448,600,4242.0
194m,Baseline,run_20260412_485afd31,Step,2929.0,3.008406,600,4242.0
194m,Baseline,run_20260412_485afd31,Step,3030.0,3.003765,600,4242.0
194m,Baseline,run_20260412_485afd31,Step,3131.0,3.000471,600,4242.0
194m,Baseline,run_20260412_485afd31,Step,3232.0,3.00422,600,4242.0
194m,Baseline,run_20260412_485afd31,Step,3333.0,2.997636,600,4242.0
194m,Baseline,run_20260412_485afd31,Step,3434.0,3.00656,600,4242.0
194m,Baseline,run_20260412_485afd31,Step,3535.0,2.99422,600,4242.0
194m,Baseline,run_20260412_485afd31,Step,3636.0,2.991319,600,4242.0
194m,Baseline,run_20260412_485afd31,Step,3737.0,2.994071,600,4242.0
194m,Baseline,run_20260412_485afd31,Step,3838.0,2.990895,600,4242.0
194m,Baseline,run_20260412_485afd31,Step,3939.0,2.997438,600,4242.0
194m,Baseline,run_20260412_485afd31,Step,4040.0,2.989813,600,4242.0
194m,Baseline,run_20260412_485afd31,Step,4141.0,2.978211,600,4242.0
194m,Baseline,run_20260412_485afd31,Step,4242.0,2.980938,600,4242.0
194m,Residual Rotation,run_20260412_5493889b,Step,606.0,3.188942,600,4242.0
194m,Residual Rotation,run_20260412_5493889b,Step,707.0,3.16242,600,4242.0
194m,Residual Rotation,run_20260412_5493889b,Step,808.0,3.128355,600,4242.0
194m,Residual Rotation,run_20260412_5493889b,Step,909.0,3.120741,600,4242.0
194m,Residual Rotation,run_20260412_5493889b,Step,1010.0,3.102042,600,4242.0
194m,Residual Rotation,run_20260412_5493889b,Step,1111.0,3.083088,600,4242.0
194m,Residual Rotation,run_20260412_5493889b,Step,1212.0,3.068883,600,4242.0
194m,Residual Rotation,run_20260412_5493889b,Step,1313.0,3.067213,600,4242.0
194m,Residual Rotation,run_20260412_5493889b,Step,1414.0,3.05423,600,4242.0
194m,Residual Rotation,run_20260412_5493889b,Step,1515.0,3.053564,600,4242.0
194m,Residual Rotation,run_20260412_5493889b,Step,1616.0,3.044295,600,4242.0
194m,Residual Rotation,run_20260412_5493889b,Step,1717.0,3.040996,600,4242.0
194m,Residual Rotation,run_20260412_5493889b,Step,1818.0,3.02246,600,4242.0
194m,Residual Rotation,run_20260412_5493889b,Step,1919.0,3.02855,600,4242.0
194m,Residual Rotation,run_20260412_5493889b,Step,2020.0,3.015292,600,4242.0
194m,Residual Rotation,run_20260412_5493889b,Step,2121.0,3.01801,600,4242.0
194m,Residual Rotation,run_20260412_5493889b,Step,2222.0,3.015632,600,4242.0
194m,Residual Rotation,run_20260412_5493889b,Step,2323.0,3.005996,600,4242.0
194m,Residual Rotation,run_20260412_5493889b,Step,2424.0,3.015692,600,4242.0
194m,Residual Rotation,run_20260412_5493889b,Step,2525.0,3.007054,600,4242.0
194m,Residual Rotation,run_20260412_5493889b,Step,2626.0,3.002252,600,4242.0
194m,Residual Rotation,run_20260412_5493889b,Step,2727.0,2.999227,600,4242.0
194m,Residual Rotation,run_20260412_5493889b,Step,2828.0,3.000035,600,4242.0
194m,Residual Rotation,run_20260412_5493889b,Step,2929.0,2.995994,600,4242.0
194m,Residual Rotation,run_20260412_5493889b,Step,3030.0,2.989307,600,4242.0
194m,Residual Rotation,run_20260412_5493889b,Step,3131.0,2.985976,600,4242.0
194m,Residual Rotation,run_20260412_5493889b,Step,3232.0,2.991545,600,4242.0
194m,Residual Rotation,run_20260412_5493889b,Step,3333.0,2.986166,600,4242.0
194m,Residual Rotation,run_20260412_5493889b,Step,3434.0,2.993341,600,4242.0
194m,Residual Rotation,run_20260412_5493889b,Step,3535.0,2.97968,600,4242.0
194m,Residual Rotation,run_20260412_5493889b,Step,3636.0,2.978507,600,4242.0
194m,Residual Rotation,run_20260412_5493889b,Step,3737.0,2.980924,600,4242.0
194m,Residual Rotation,run_20260412_5493889b,Step,3838.0,2.978973,600,4242.0
194m,Residual Rotation,run_20260412_5493889b,Step,3939.0,2.98328,600,4242.0
194m,Residual Rotation,run_20260412_5493889b,Step,4040.0,2.977031,600,4242.0
194m,Residual Rotation,run_20260412_5493889b,Step,4141.0,2.964656,600,4242.0
194m,Residual Rotation,run_20260412_5493889b,Step,4242.0,2.96822,600,4242.0
194m,Value-Space Rotation,run_20260430_64819a98,Step,606.0,3.217865,600,4242.0
194m,Value-Space Rotation,run_20260430_64819a98,Step,707.0,3.174998,600,4242.0
194m,Value-Space Rotation,run_20260430_64819a98,Step,808.0,3.132697,600,4242.0
194m,Value-Space Rotation,run_20260430_64819a98,Step,909.0,3.119067,600,4242.0
194m,Value-Space Rotation,run_20260430_64819a98,Step,1010.0,3.091787,600,4242.0
194m,Value-Space Rotation,run_20260430_64819a98,Step,1111.0,3.069279,600,4242.0
194m,Value-Space Rotation,run_20260430_64819a98,Step,1212.0,3.050745,600,4242.0
194m,Value-Space Rotation,run_20260430_64819a98,Step,1313.0,3.04552,600,4242.0
194m,Value-Space Rotation,run_20260430_64819a98,Step,1414.0,3.028592,600,4242.0
194m,Value-Space Rotation,run_20260430_64819a98,Step,1515.0,3.02314,600,4242.0
194m,Value-Space Rotation,run_20260430_64819a98,Step,1616.0,3.010875,600,4242.0
194m,Value-Space Rotation,run_20260430_64819a98,Step,1717.0,3.001944,600,4242.0
194m,Value-Space Rotation,run_20260430_64819a98,Step,1818.0,2.982049,600,4242.0
194m,Value-Space Rotation,run_20260430_64819a98,Step,1919.0,2.988187,600,4242.0
194m,Value-Space Rotation,run_20260430_64819a98,Step,2020.0,2.97309,600,4242.0
194m,Value-Space Rotation,run_20260430_64819a98,Step,2121.0,2.971859,600,4242.0
194m,Value-Space Rotation,run_20260430_64819a98,Step,2222.0,2.967692,600,4242.0
194m,Value-Space Rotation,run_20260430_64819a98,Step,2323.0,2.960032,600,4242.0
194m,Value-Space Rotation,run_20260430_64819a98,Step,2424.0,2.968471,600,4242.0
194m,Value-Space Rotation,run_20260430_64819a98,Step,2525.0,2.957891,600,4242.0
194m,Value-Space Rotation,run_20260430_64819a98,Step,2626.0,2.951166,600,4242.0
194m,Value-Space Rotation,run_20260430_64819a98,Step,2727.0,2.944552,600,4242.0
194m,Value-Space Rotation,run_20260430_64819a98,Step,2828.0,2.947767,600,4242.0
194m,Value-Space Rotation,run_20260430_64819a98,Step,2929.0,2.941236,600,4242.0
194m,Value-Space Rotation,run_20260430_64819a98,Step,3030.0,2.933825,600,4242.0
194m,Value-Space Rotation,run_20260430_64819a98,Step,3131.0,2.930022,600,4242.0
194m,Value-Space Rotation,run_20260430_64819a98,Step,3232.0,2.933205,600,4242.0
194m,Value-Space Rotation,run_20260430_64819a98,Step,3333.0,2.927488,600,4242.0
194m,Value-Space Rotation,run_20260430_64819a98,Step,3434.0,2.934336,600,4242.0
194m,Value-Space Rotation,run_20260430_64819a98,Step,3535.0,2.920317,600,4242.0
194m,Value-Space Rotation,run_20260430_64819a98,Step,3636.0,2.917605,600,4242.0
194m,Value-Space Rotation,run_20260430_64819a98,Step,3737.0,2.918838,600,4242.0
194m,Value-Space Rotation,run_20260430_64819a98,Step,3838.0,2.916398,600,4242.0
194m,Value-Space Rotation,run_20260430_64819a98,Step,3939.0,2.921299,600,4242.0
194m,Value-Space Rotation,run_20260430_64819a98,Step,4040.0,2.913442,600,4242.0
194m,Value-Space Rotation,run_20260430_64819a98,Step,4141.0,2.901752,600,4242.0
194m,Value-Space Rotation,run_20260430_64819a98,Step,4242.0,2.902781,600,4242.0
296m,Baseline,run_20260417_f5116792,Step,606.0,3.205891,600,4242.0
296m,Baseline,run_20260417_f5116792,Step,707.0,3.161493,600,4242.0
296m,Baseline,run_20260417_f5116792,Step,808.0,3.114381,600,4242.0
296m,Baseline,run_20260417_f5116792,Step,909.0,3.097925,600,4242.0
296m,Baseline,run_20260417_f5116792,Step,1010.0,3.067724,600,4242.0
296m,Baseline,run_20260417_f5116792,Step,1111.0,3.042676,600,4242.0
296m,Baseline,run_20260417_f5116792,Step,1212.0,3.022804,600,4242.0
296m,Baseline,run_20260417_f5116792,Step,1313.0,3.013255,600,4242.0
296m,Baseline,run_20260417_f5116792,Step,1414.0,2.997306,600,4242.0
296m,Baseline,run_20260417_f5116792,Step,1515.0,2.989455,600,4242.0
296m,Baseline,run_20260417_f5116792,Step,1616.0,2.974583,600,4242.0
296m,Baseline,run_20260417_f5116792,Step,1717.0,2.963583,600,4242.0
296m,Baseline,run_20260417_f5116792,Step,1818.0,2.943043,600,4242.0
296m,Baseline,run_20260417_f5116792,Step,1919.0,2.947109,600,4242.0
296m,Baseline,run_20260417_f5116792,Step,2020.0,2.931159,600,4242.0
296m,Baseline,run_20260417_f5116792,Step,2121.0,2.930324,600,4242.0
296m,Baseline,run_20260417_f5116792,Step,2222.0,2.925229,600,4242.0
296m,Baseline,run_20260417_f5116792,Step,2323.0,2.915653,600,4242.0
296m,Baseline,run_20260417_f5116792,Step,2424.0,2.921876,600,4242.0
296m,Baseline,run_20260417_f5116792,Step,2525.0,2.911441,600,4242.0
296m,Baseline,run_20260417_f5116792,Step,2626.0,2.903277,600,4242.0
296m,Baseline,run_20260417_f5116792,Step,2727.0,2.897914,600,4242.0
296m,Baseline,run_20260417_f5116792,Step,2828.0,2.899319,600,4242.0
296m,Baseline,run_20260417_f5116792,Step,2929.0,2.892433,600,4242.0
296m,Baseline,run_20260417_f5116792,Step,3030.0,2.884876,600,4242.0
296m,Baseline,run_20260417_f5116792,Step,3131.0,2.878878,600,4242.0
296m,Baseline,run_20260417_f5116792,Step,3232.0,2.882567,600,4242.0
296m,Baseline,run_20260417_f5116792,Step,3333.0,2.875978,600,4242.0
296m,Baseline,run_20260417_f5116792,Step,3434.0,2.881523,600,4242.0
296m,Baseline,run_20260417_f5116792,Step,3535.0,2.867907,600,4242.0
296m,Baseline,run_20260417_f5116792,Step,3636.0,2.865541,600,4242.0
296m,Baseline,run_20260417_f5116792,Step,3737.0,2.86562,600,4242.0
296m,Baseline,run_20260417_f5116792,Step,3838.0,2.863347,600,4242.0
296m,Baseline,run_20260417_f5116792,Step,3939.0,2.868108,600,4242.0
296m,Baseline,run_20260417_f5116792,Step,4040.0,2.860377,600,4242.0
296m,Baseline,run_20260417_f5116792,Step,4141.0,2.847222,600,4242.0
296m,Baseline,run_20260417_f5116792,Step,4242.0,2.849748,600,4242.0
296m,Residual Rotation,run_20260417_5471a202,Step,606.0,3.208827,600,4242.0
296m,Residual Rotation,run_20260417_5471a202,Step,707.0,3.163234,600,4242.0
296m,Residual Rotation,run_20260417_5471a202,Step,808.0,3.116689,600,4242.0
296m,Residual Rotation,run_20260417_5471a202,Step,909.0,3.097184,600,4242.0
296m,Residual Rotation,run_20260417_5471a202,Step,1010.0,3.068365,600,4242.0
296m,Residual Rotation,run_20260417_5471a202,Step,1111.0,3.046197,600,4242.0
296m,Residual Rotation,run_20260417_5471a202,Step,1212.0,3.021792,600,4242.0
296m,Residual Rotation,run_20260417_5471a202,Step,1313.0,3.012772,600,4242.0
296m,Residual Rotation,run_20260417_5471a202,Step,1414.0,2.995866,600,4242.0
296m,Residual Rotation,run_20260417_5471a202,Step,1515.0,2.98888,600,4242.0
296m,Residual Rotation,run_20260417_5471a202,Step,1616.0,2.972329,600,4242.0
296m,Residual Rotation,run_20260417_5471a202,Step,1717.0,2.962424,600,4242.0
296m,Residual Rotation,run_20260417_5471a202,Step,1818.0,2.939601,600,4242.0
296m,Residual Rotation,run_20260417_5471a202,Step,1919.0,2.946303,600,4242.0
296m,Residual Rotation,run_20260417_5471a202,Step,2020.0,2.929389,600,4242.0
296m,Residual Rotation,run_20260417_5471a202,Step,2121.0,2.929702,600,4242.0
296m,Residual Rotation,run_20260417_5471a202,Step,2222.0,2.922677,600,4242.0
296m,Residual Rotation,run_20260417_5471a202,Step,2323.0,2.913791,600,4242.0
296m,Residual Rotation,run_20260417_5471a202,Step,2424.0,2.919341,600,4242.0
296m,Residual Rotation,run_20260417_5471a202,Step,2525.0,2.908579,600,4242.0
296m,Residual Rotation,run_20260417_5471a202,Step,2626.0,2.900296,600,4242.0
296m,Residual Rotation,run_20260417_5471a202,Step,2727.0,2.893413,600,4242.0
296m,Residual Rotation,run_20260417_5471a202,Step,2828.0,2.895582,600,4242.0
296m,Residual Rotation,run_20260417_5471a202,Step,2929.0,2.888916,600,4242.0
296m,Residual Rotation,run_20260417_5471a202,Step,3030.0,2.881916,600,4242.0
296m,Residual Rotation,run_20260417_5471a202,Step,3131.0,2.875861,600,4242.0
296m,Residual Rotation,run_20260417_5471a202,Step,3232.0,2.880088,600,4242.0
296m,Residual Rotation,run_20260417_5471a202,Step,3333.0,2.873,600,4242.0
296m,Residual Rotation,run_20260417_5471a202,Step,3434.0,2.878112,600,4242.0
296m,Residual Rotation,run_20260417_5471a202,Step,3535.0,2.864887,600,4242.0
296m,Residual Rotation,run_20260417_5471a202,Step,3636.0,2.861552,600,4242.0
296m,Residual Rotation,run_20260417_5471a202,Step,3737.0,2.861919,600,4242.0
296m,Residual Rotation,run_20260417_5471a202,Step,3838.0,2.859401,600,4242.0
296m,Residual Rotation,run_20260417_5471a202,Step,3939.0,2.864009,600,4242.0
296m,Residual Rotation,run_20260417_5471a202,Step,4040.0,2.855752,600,4242.0
296m,Residual Rotation,run_20260417_5471a202,Step,4141.0,2.8433,600,4242.0
296m,Residual Rotation,run_20260417_5471a202,Step,4242.0,2.845325,600,4242.0
296m,Value-Space Rotation,run_20260430_286be9fc,Step,606.0,3.12741,600,4242.0
296m,Value-Space Rotation,run_20260430_286be9fc,Step,707.0,3.08764,600,4242.0
296m,Value-Space Rotation,run_20260430_286be9fc,Step,808.0,3.052495,600,4242.0
296m,Value-Space Rotation,run_20260430_286be9fc,Step,909.0,3.033311,600,4242.0
296m,Value-Space Rotation,run_20260430_286be9fc,Step,1010.0,3.008201,600,4242.0
296m,Value-Space Rotation,run_20260430_286be9fc,Step,1111.0,2.987477,600,4242.0
296m,Value-Space Rotation,run_20260430_286be9fc,Step,1212.0,2.968736,600,4242.0
296m,Value-Space Rotation,run_20260430_286be9fc,Step,1313.0,2.963561,600,4242.0
296m,Value-Space Rotation,run_20260430_286be9fc,Step,1414.0,2.947151,600,4242.0
296m,Value-Space Rotation,run_20260430_286be9fc,Step,1515.0,2.943108,600,4242.0
296m,Value-Space Rotation,run_20260430_286be9fc,Step,1616.0,2.929624,600,4242.0
296m,Value-Space Rotation,run_20260430_286be9fc,Step,1717.0,2.921025,600,4242.0
296m,Value-Space Rotation,run_20260430_286be9fc,Step,1818.0,2.901341,600,4242.0
296m,Value-Space Rotation,run_20260430_286be9fc,Step,1919.0,2.908447,600,4242.0
296m,Value-Space Rotation,run_20260430_286be9fc,Step,2020.0,2.893596,600,4242.0
296m,Value-Space Rotation,run_20260430_286be9fc,Step,2121.0,2.892352,600,4242.0
296m,Value-Space Rotation,run_20260430_286be9fc,Step,2222.0,2.888152,600,4242.0
296m,Value-Space Rotation,run_20260430_286be9fc,Step,2323.0,2.880115,600,4242.0
296m,Value-Space Rotation,run_20260430_286be9fc,Step,2424.0,2.88802,600,4242.0
296m,Value-Space Rotation,run_20260430_286be9fc,Step,2525.0,2.877583,600,4242.0
296m,Value-Space Rotation,run_20260430_286be9fc,Step,2626.0,2.872064,600,4242.0
296m,Value-Space Rotation,run_20260430_286be9fc,Step,2727.0,2.864683,600,4242.0
296m,Value-Space Rotation,run_20260430_286be9fc,Step,2828.0,2.86862,600,4242.0
296m,Value-Space Rotation,run_20260430_286be9fc,Step,2929.0,2.863825,600,4242.0
296m,Value-Space Rotation,run_20260430_286be9fc,Step,3030.0,2.854666,600,4242.0
296m,Value-Space Rotation,run_20260430_286be9fc,Step,3131.0,2.849779,600,4242.0
296m,Value-Space Rotation,run_20260430_286be9fc,Step,3232.0,2.855721,600,4242.0
296m,Value-Space Rotation,run_20260430_286be9fc,Step,3333.0,2.848225,600,4242.0
296m,Value-Space Rotation,run_20260430_286be9fc,Step,3434.0,2.855342,600,4242.0
296m,Value-Space Rotation,run_20260430_286be9fc,Step,3535.0,2.841917,600,4242.0
296m,Value-Space Rotation,run_20260430_286be9fc,Step,3636.0,2.838654,600,4242.0
296m,Value-Space Rotation,run_20260430_286be9fc,Step,3737.0,2.839995,600,4242.0
296m,Value-Space Rotation,run_20260430_286be9fc,Step,3838.0,2.83877,600,4242.0
296m,Value-Space Rotation,run_20260430_286be9fc,Step,3939.0,2.842355,600,4242.0
296m,Value-Space Rotation,run_20260430_286be9fc,Step,4040.0,2.834476,600,4242.0
296m,Value-Space Rotation,run_20260430_286be9fc,Step,4141.0,2.823422,600,4242.0
296m,Value-Space Rotation,run_20260430_286be9fc,Step,4242.0,2.823502,600,4242.0
436m,Baseline,run_20260417_eae7978c,Step,606.0,3.222839,600,4242.0
436m,Baseline,run_20260417_eae7978c,Step,707.0,3.160045,600,4242.0
436m,Baseline,run_20260417_eae7978c,Step,808.0,3.116888,600,4242.0
436m,Baseline,run_20260417_eae7978c,Step,909.0,3.103606,600,4242.0
436m,Baseline,run_20260417_eae7978c,Step,1010.0,3.06042,600,4242.0
436m,Baseline,run_20260417_eae7978c,Step,1111.0,3.050497,600,4242.0
436m,Baseline,run_20260417_eae7978c,Step,1212.0,3.012536,600,4242.0
436m,Baseline,run_20260417_eae7978c,Step,1313.0,3.015169,600,4242.0
436m,Baseline,run_20260417_eae7978c,Step,1414.0,2.986449,600,4242.0
436m,Baseline,run_20260417_eae7978c,Step,1515.0,2.987178,600,4242.0
436m,Baseline,run_20260417_eae7978c,Step,1616.0,2.954642,600,4242.0
436m,Baseline,run_20260417_eae7978c,Step,1717.0,2.955034,600,4242.0
436m,Baseline,run_20260417_eae7978c,Step,1818.0,2.955533,600,4242.0
436m,Baseline,run_20260417_eae7978c,Step,1919.0,2.93889,600,4242.0
436m,Baseline,run_20260417_eae7978c,Step,2020.0,2.929367,600,4242.0
436m,Baseline,run_20260417_eae7978c,Step,2121.0,2.924761,600,4242.0
436m,Baseline,run_20260417_eae7978c,Step,2222.0,2.918302,600,4242.0
436m,Baseline,run_20260417_eae7978c,Step,2323.0,2.911836,600,4242.0
436m,Baseline,run_20260417_eae7978c,Step,2424.0,2.904566,600,4242.0
436m,Baseline,run_20260417_eae7978c,Step,2525.0,2.947712,600,4242.0
436m,Baseline,run_20260417_eae7978c,Step,2626.0,2.910096,600,4242.0
436m,Baseline,run_20260417_eae7978c,Step,2727.0,2.903166,600,4242.0
436m,Baseline,run_20260417_eae7978c,Step,2828.0,2.901237,600,4242.0
436m,Baseline,run_20260417_eae7978c,Step,2929.0,2.888234,600,4242.0
436m,Baseline,run_20260417_eae7978c,Step,3030.0,2.8945,600,4242.0
436m,Baseline,run_20260417_eae7978c,Step,3131.0,2.909609,600,4242.0
436m,Baseline,run_20260417_eae7978c,Step,3232.0,2.884955,600,4242.0
436m,Baseline,run_20260417_eae7978c,Step,3333.0,2.889964,600,4242.0
436m,Baseline,run_20260417_eae7978c,Step,3434.0,2.881161,600,4242.0
436m,Baseline,run_20260417_eae7978c,Step,3535.0,2.885879,600,4242.0
436m,Baseline,run_20260417_eae7978c,Step,3636.0,2.875612,600,4242.0
436m,Baseline,run_20260417_eae7978c,Step,3737.0,2.857519,600,4242.0
436m,Baseline,run_20260417_eae7978c,Step,3838.0,2.854952,600,4242.0
436m,Baseline,run_20260417_eae7978c,Step,3939.0,2.858199,600,4242.0
436m,Baseline,run_20260417_eae7978c,Step,4040.0,2.855975,600,4242.0
436m,Baseline,run_20260417_eae7978c,Step,4141.0,2.849094,600,4242.0
436m,Baseline,run_20260417_eae7978c,Step,4242.0,2.858845,600,4242.0
436m,Residual Rotation,run_20260415_b61fbe62,Step,606.0,3.219749,600,4242.0
436m,Residual Rotation,run_20260415_b61fbe62,Step,707.0,3.157784,600,4242.0
436m,Residual Rotation,run_20260415_b61fbe62,Step,808.0,3.113598,600,4242.0
436m,Residual Rotation,run_20260415_b61fbe62,Step,909.0,3.099413,600,4242.0
436m,Residual Rotation,run_20260415_b61fbe62,Step,1010.0,3.057059,600,4242.0
436m,Residual Rotation,run_20260415_b61fbe62,Step,1111.0,3.047228,600,4242.0
436m,Residual Rotation,run_20260415_b61fbe62,Step,1212.0,3.009576,600,4242.0
436m,Residual Rotation,run_20260415_b61fbe62,Step,1313.0,3.009663,600,4242.0
436m,Residual Rotation,run_20260415_b61fbe62,Step,1414.0,2.980895,600,4242.0
436m,Residual Rotation,run_20260415_b61fbe62,Step,1515.0,2.982723,600,4242.0
436m,Residual Rotation,run_20260415_b61fbe62,Step,1616.0,2.94995,600,4242.0
436m,Residual Rotation,run_20260415_b61fbe62,Step,1717.0,2.950055,600,4242.0
436m,Residual Rotation,run_20260415_b61fbe62,Step,1818.0,2.951553,600,4242.0
436m,Residual Rotation,run_20260415_b61fbe62,Step,1919.0,2.933878,600,4242.0
436m,Residual Rotation,run_20260415_b61fbe62,Step,2020.0,2.923495,600,4242.0
436m,Residual Rotation,run_20260415_b61fbe62,Step,2121.0,2.918849,600,4242.0
436m,Residual Rotation,run_20260415_b61fbe62,Step,2222.0,2.906229,600,4242.0
436m,Residual Rotation,run_20260415_b61fbe62,Step,2323.0,2.901838,600,4242.0
436m,Residual Rotation,run_20260415_b61fbe62,Step,2424.0,2.891773,600,4242.0
436m,Residual Rotation,run_20260415_b61fbe62,Step,2525.0,2.884878,600,4242.0
436m,Residual Rotation,run_20260415_b61fbe62,Step,2626.0,2.89002,600,4242.0
436m,Residual Rotation,run_20260415_b61fbe62,Step,2727.0,2.883174,600,4242.0
436m,Residual Rotation,run_20260415_b61fbe62,Step,2828.0,2.88326,600,4242.0
436m,Residual Rotation,run_20260415_b61fbe62,Step,2929.0,2.864254,600,4242.0
436m,Residual Rotation,run_20260415_b61fbe62,Step,3030.0,2.869559,600,4242.0
436m,Residual Rotation,run_20260415_b61fbe62,Step,3131.0,2.87168,600,4242.0
436m,Residual Rotation,run_20260415_b61fbe62,Step,3232.0,2.858226,600,4242.0
436m,Residual Rotation,run_20260415_b61fbe62,Step,3333.0,2.858298,600,4242.0
436m,Residual Rotation,run_20260415_b61fbe62,Step,3434.0,2.848686,600,4242.0
436m,Residual Rotation,run_20260415_b61fbe62,Step,3535.0,2.85374,600,4242.0
436m,Residual Rotation,run_20260415_b61fbe62,Step,3636.0,2.844048,600,4242.0
436m,Residual Rotation,run_20260415_b61fbe62,Step,3737.0,2.823119,600,4242.0
436m,Residual Rotation,run_20260415_b61fbe62,Step,3838.0,2.838859,600,4242.0
436m,Residual Rotation,run_20260415_b61fbe62,Step,3939.0,2.843843,600,4242.0
436m,Residual Rotation,run_20260415_b61fbe62,Step,4040.0,2.836513,600,4242.0
436m,Residual Rotation,run_20260415_b61fbe62,Step,4141.0,2.819623,600,4242.0
436m,Residual Rotation,run_20260415_b61fbe62,Step,4242.0,2.835831,600,4242.0
436m,Value-Space Rotation,run_20260430_d98901fd,Step,606.0,3.143294,600,4242.0
436m,Value-Space Rotation,run_20260430_d98901fd,Step,707.0,3.086737,600,4242.0
436m,Value-Space Rotation,run_20260430_d98901fd,Step,808.0,3.04823,600,4242.0
436m,Value-Space Rotation,run_20260430_d98901fd,Step,909.0,3.039069,600,4242.0
436m,Value-Space Rotation,run_20260430_d98901fd,Step,1010.0,2.998794,600,4242.0
436m,Value-Space Rotation,run_20260430_d98901fd,Step,1111.0,2.992812,600,4242.0
436m,Value-Space Rotation,run_20260430_d98901fd,Step,1212.0,2.957182,600,4242.0
436m,Value-Space Rotation,run_20260430_d98901fd,Step,1313.0,2.961234,600,4242.0
436m,Value-Space Rotation,run_20260430_d98901fd,Step,1414.0,2.935272,600,4242.0
436m,Value-Space Rotation,run_20260430_d98901fd,Step,1515.0,2.93923,600,4242.0
436m,Value-Space Rotation,run_20260430_d98901fd,Step,1616.0,2.90675,600,4242.0
436m,Value-Space Rotation,run_20260430_d98901fd,Step,1717.0,2.909786,600,4242.0
436m,Value-Space Rotation,run_20260430_d98901fd,Step,1818.0,2.912143,600,4242.0
436m,Value-Space Rotation,run_20260430_d98901fd,Step,1919.0,2.897116,600,4242.0
436m,Value-Space Rotation,run_20260430_d98901fd,Step,2020.0,2.888332,600,4242.0
436m,Value-Space Rotation,run_20260430_d98901fd,Step,2121.0,2.885256,600,4242.0
436m,Value-Space Rotation,run_20260430_d98901fd,Step,2222.0,2.873758,600,4242.0
436m,Value-Space Rotation,run_20260430_d98901fd,Step,2323.0,2.867703,600,4242.0
436m,Value-Space Rotation,run_20260430_d98901fd,Step,2424.0,2.859904,600,4242.0
436m,Value-Space Rotation,run_20260430_d98901fd,Step,2525.0,2.854448,600,4242.0
436m,Value-Space Rotation,run_20260430_d98901fd,Step,2626.0,2.859529,600,4242.0
436m,Value-Space Rotation,run_20260430_d98901fd,Step,2727.0,2.855167,600,4242.0
436m,Value-Space Rotation,run_20260430_d98901fd,Step,2828.0,2.854187,600,4242.0
436m,Value-Space Rotation,run_20260430_d98901fd,Step,2929.0,2.836848,600,4242.0
436m,Value-Space Rotation,run_20260430_d98901fd,Step,3030.0,2.842893,600,4242.0
436m,Value-Space Rotation,run_20260430_d98901fd,Step,3131.0,2.844369,600,4242.0
436m,Value-Space Rotation,run_20260430_d98901fd,Step,3232.0,2.831732,600,4242.0
436m,Value-Space Rotation,run_20260430_d98901fd,Step,3333.0,2.832745,600,4242.0
436m,Value-Space Rotation,run_20260430_d98901fd,Step,3434.0,2.823617,600,4242.0
436m,Value-Space Rotation,run_20260430_d98901fd,Step,3535.0,2.828193,600,4242.0
436m,Value-Space Rotation,run_20260430_d98901fd,Step,3636.0,2.819027,600,4242.0
436m,Value-Space Rotation,run_20260430_d98901fd,Step,3737.0,2.79997,600,4242.0
436m,Value-Space Rotation,run_20260430_d98901fd,Step,3838.0,2.814847,600,4242.0
436m,Value-Space Rotation,run_20260430_d98901fd,Step,3939.0,2.822571,600,4242.0
436m,Value-Space Rotation,run_20260430_d98901fd,Step,4040.0,2.814539,600,4242.0
436m,Value-Space Rotation,run_20260430_d98901fd,Step,4141.0,2.797046,600,4242.0
436m,Value-Space Rotation,run_20260430_d98901fd,Step,4242.0,2.811989,600,4242.0
528m,Baseline,run_20260418_7f2e761c,Step,606.0,3.173404,600,4242.0
528m,Baseline,run_20260418_7f2e761c,Step,707.0,3.112773,600,4242.0
528m,Baseline,run_20260418_7f2e761c,Step,808.0,3.066349,600,4242.0
528m,Baseline,run_20260418_7f2e761c,Step,909.0,3.054113,600,4242.0
528m,Baseline,run_20260418_7f2e761c,Step,1010.0,3.009362,600,4242.0
528m,Baseline,run_20260418_7f2e761c,Step,1111.0,3.000492,600,4242.0
528m,Baseline,run_20260418_7f2e761c,Step,1212.0,2.962156,600,4242.0
528m,Baseline,run_20260418_7f2e761c,Step,1313.0,2.963197,600,4242.0
528m,Baseline,run_20260418_7f2e761c,Step,1414.0,2.933657,600,4242.0
528m,Baseline,run_20260418_7f2e761c,Step,1515.0,2.935881,600,4242.0
528m,Baseline,run_20260418_7f2e761c,Step,1616.0,2.902903,600,4242.0
528m,Baseline,run_20260418_7f2e761c,Step,1717.0,2.903537,600,4242.0
528m,Baseline,run_20260418_7f2e761c,Step,1818.0,2.904592,600,4242.0
528m,Baseline,run_20260418_7f2e761c,Step,1919.0,2.887155,600,4242.0
528m,Baseline,run_20260418_7f2e761c,Step,2020.0,2.877644,600,4242.0
528m,Baseline,run_20260418_7f2e761c,Step,2121.0,2.873915,600,4242.0
528m,Baseline,run_20260418_7f2e761c,Step,2222.0,2.860848,600,4242.0
528m,Baseline,run_20260418_7f2e761c,Step,2323.0,2.85559,600,4242.0
528m,Baseline,run_20260418_7f2e761c,Step,2424.0,2.846628,600,4242.0
528m,Baseline,run_20260418_7f2e761c,Step,2525.0,2.838583,600,4242.0
528m,Baseline,run_20260418_7f2e761c,Step,2626.0,2.844573,600,4242.0
528m,Baseline,run_20260418_7f2e761c,Step,2727.0,2.840983,600,4242.0
528m,Baseline,run_20260418_7f2e761c,Step,2828.0,2.83934,600,4242.0
528m,Baseline,run_20260418_7f2e761c,Step,2929.0,2.820912,600,4242.0
528m,Baseline,run_20260418_7f2e761c,Step,3030.0,2.825389,600,4242.0
528m,Baseline,run_20260418_7f2e761c,Step,3131.0,2.82717,600,4242.0
528m,Baseline,run_20260418_7f2e761c,Step,3232.0,2.814785,600,4242.0
528m,Baseline,run_20260418_7f2e761c,Step,3333.0,2.815637,600,4242.0
528m,Baseline,run_20260418_7f2e761c,Step,3434.0,2.805118,600,4242.0
528m,Baseline,run_20260418_7f2e761c,Step,3535.0,2.810795,600,4242.0
528m,Baseline,run_20260418_7f2e761c,Step,3636.0,2.801128,600,4242.0
528m,Baseline,run_20260418_7f2e761c,Step,3737.0,2.781634,600,4242.0
528m,Baseline,run_20260418_7f2e761c,Step,3838.0,2.796193,600,4242.0
528m,Baseline,run_20260418_7f2e761c,Step,3939.0,2.803139,600,4242.0
528m,Baseline,run_20260418_7f2e761c,Step,4040.0,2.799921,600,4242.0
528m,Baseline,run_20260418_7f2e761c,Step,4141.0,2.781379,600,4242.0
528m,Baseline,run_20260418_7f2e761c,Step,4242.0,2.796072,600,4242.0
528m,Residual Rotation,run_20260413_28369450,Step,606.0,3.170364,600,4242.0
528m,Residual Rotation,run_20260413_28369450,Step,707.0,3.108914,600,4242.0
528m,Residual Rotation,run_20260413_28369450,Step,808.0,3.063454,600,4242.0
528m,Residual Rotation,run_20260413_28369450,Step,909.0,3.049868,600,4242.0
528m,Residual Rotation,run_20260413_28369450,Step,1010.0,3.007282,600,4242.0
528m,Residual Rotation,run_20260413_28369450,Step,1111.0,2.995972,600,4242.0
528m,Residual Rotation,run_20260413_28369450,Step,1212.0,2.958302,600,4242.0
528m,Residual Rotation,run_20260413_28369450,Step,1313.0,2.958883,600,4242.0
528m,Residual Rotation,run_20260413_28369450,Step,1414.0,2.929288,600,4242.0
528m,Residual Rotation,run_20260413_28369450,Step,1515.0,2.931222,600,4242.0
528m,Residual Rotation,run_20260413_28369450,Step,1616.0,2.89737,600,4242.0
528m,Residual Rotation,run_20260413_28369450,Step,1717.0,2.898746,600,4242.0
528m,Residual Rotation,run_20260413_28369450,Step,1818.0,2.898863,600,4242.0
528m,Residual Rotation,run_20260413_28369450,Step,1919.0,2.881316,600,4242.0
528m,Residual Rotation,run_20260413_28369450,Step,2020.0,2.871541,600,4242.0
528m,Residual Rotation,run_20260413_28369450,Step,2121.0,2.86796,600,4242.0
528m,Residual Rotation,run_20260413_28369450,Step,2222.0,2.854656,600,4242.0
528m,Residual Rotation,run_20260413_28369450,Step,2323.0,2.850021,600,4242.0
528m,Residual Rotation,run_20260413_28369450,Step,2424.0,2.839025,600,4242.0
528m,Residual Rotation,run_20260413_28369450,Step,2525.0,2.833052,600,4242.0
528m,Residual Rotation,run_20260413_28369450,Step,2626.0,2.838298,600,4242.0
528m,Residual Rotation,run_20260413_28369450,Step,2727.0,2.831204,600,4242.0
528m,Residual Rotation,run_20260413_28369450,Step,2828.0,2.830643,600,4242.0
528m,Residual Rotation,run_20260413_28369450,Step,2929.0,2.811898,600,4242.0
528m,Residual Rotation,run_20260413_28369450,Step,3030.0,2.817919,600,4242.0
528m,Residual Rotation,run_20260413_28369450,Step,3131.0,2.817826,600,4242.0
528m,Residual Rotation,run_20260413_28369450,Step,3232.0,2.805049,600,4242.0
528m,Residual Rotation,run_20260413_28369450,Step,3333.0,2.805018,600,4242.0
528m,Residual Rotation,run_20260413_28369450,Step,3434.0,2.795037,600,4242.0
528m,Residual Rotation,run_20260413_28369450,Step,3535.0,2.799186,600,4242.0
528m,Residual Rotation,run_20260413_28369450,Step,3636.0,2.790151,600,4242.0
528m,Residual Rotation,run_20260413_28369450,Step,3737.0,2.771691,600,4242.0
528m,Residual Rotation,run_20260413_28369450,Step,3838.0,2.785191,600,4242.0
528m,Residual Rotation,run_20260413_28369450,Step,3939.0,2.790534,600,4242.0
528m,Residual Rotation,run_20260413_28369450,Step,4040.0,2.782458,600,4242.0
528m,Residual Rotation,run_20260413_28369450,Step,4141.0,2.765496,600,4242.0
528m,Residual Rotation,run_20260413_28369450,Step,4242.0,2.781622,600,4242.0
528m,Value-Space Rotation,run_20260430_ec495f6e,Step,606.0,3.093034,600,4242.0
528m,Value-Space Rotation,run_20260430_ec495f6e,Step,707.0,3.036649,600,4242.0
528m,Value-Space Rotation,run_20260430_ec495f6e,Step,808.0,2.998702,600,4242.0
528m,Value-Space Rotation,run_20260430_ec495f6e,Step,909.0,2.990239,600,4242.0
528m,Value-Space Rotation,run_20260430_ec495f6e,Step,1010.0,2.949928,600,4242.0
528m,Value-Space Rotation,run_20260430_ec495f6e,Step,1111.0,2.943246,600,4242.0
528m,Value-Space Rotation,run_20260430_ec495f6e,Step,1212.0,2.908383,600,4242.0
528m,Value-Space Rotation,run_20260430_ec495f6e,Step,1313.0,2.911762,600,4242.0
528m,Value-Space Rotation,run_20260430_ec495f6e,Step,1414.0,2.885906,600,4242.0
528m,Value-Space Rotation,run_20260430_ec495f6e,Step,1515.0,2.891034,600,4242.0
528m,Value-Space Rotation,run_20260430_ec495f6e,Step,1616.0,2.85809,600,4242.0
528m,Value-Space Rotation,run_20260430_ec495f6e,Step,1717.0,2.861045,600,4242.0
528m,Value-Space Rotation,run_20260430_ec495f6e,Step,1818.0,2.863149,600,4242.0
528m,Value-Space Rotation,run_20260430_ec495f6e,Step,1919.0,2.847433,600,4242.0
528m,Value-Space Rotation,run_20260430_ec495f6e,Step,2020.0,2.839147,600,4242.0
528m,Value-Space Rotation,run_20260430_ec495f6e,Step,2121.0,2.836448,600,4242.0
528m,Value-Space Rotation,run_20260430_ec495f6e,Step,2222.0,2.824848,600,4242.0
528m,Value-Space Rotation,run_20260430_ec495f6e,Step,2323.0,2.820185,600,4242.0
528m,Value-Space Rotation,run_20260430_ec495f6e,Step,2424.0,2.811266,600,4242.0
528m,Value-Space Rotation,run_20260430_ec495f6e,Step,2525.0,2.80593,600,4242.0
528m,Value-Space Rotation,run_20260430_ec495f6e,Step,2626.0,2.811025,600,4242.0
528m,Value-Space Rotation,run_20260430_ec495f6e,Step,2727.0,2.805578,600,4242.0
528m,Value-Space Rotation,run_20260430_ec495f6e,Step,2828.0,2.805195,600,4242.0
528m,Value-Space Rotation,run_20260430_ec495f6e,Step,2929.0,2.786785,600,4242.0
528m,Value-Space Rotation,run_20260430_ec495f6e,Step,3030.0,2.792964,600,4242.0
528m,Value-Space Rotation,run_20260430_ec495f6e,Step,3131.0,2.794365,600,4242.0
528m,Value-Space Rotation,run_20260430_ec495f6e,Step,3232.0,2.781898,600,4242.0
528m,Value-Space Rotation,run_20260430_ec495f6e,Step,3333.0,2.782116,600,4242.0
528m,Value-Space Rotation,run_20260430_ec495f6e,Step,3434.0,2.772904,600,4242.0
528m,Value-Space Rotation,run_20260430_ec495f6e,Step,3535.0,2.778528,600,4242.0
528m,Value-Space Rotation,run_20260430_ec495f6e,Step,3636.0,2.769183,600,4242.0
528m,Value-Space Rotation,run_20260430_ec495f6e,Step,3737.0,2.751013,600,4242.0
528m,Value-Space Rotation,run_20260430_ec495f6e,Step,3838.0,2.765327,600,4242.0
528m,Value-Space Rotation,run_20260430_ec495f6e,Step,3939.0,2.771107,600,4242.0
528m,Value-Space Rotation,run_20260430_ec495f6e,Step,4040.0,2.76352,600,4242.0
528m,Value-Space Rotation,run_20260430_ec495f6e,Step,4141.0,2.745653,600,4242.0
528m,Value-Space Rotation,run_20260430_ec495f6e,Step,4242.0,2.761656,600,4242.0
