setting_type	setting_raw	setting_value	alpha	perp	gamma	n_rows	n_delta_ppl	n_delta_loss	mean_delta_ppl	median_delta_ppl	win_rate_delta_ppl_lt_0	worst_case_delta_ppl	best_case_delta_ppl	mean_delta_loss	median_delta_loss	worst_case_delta_loss	best_case_delta_loss	stats.batch_size	stats.gen_use_cache	stats.sites.residual_output.batch_size	stats.sites.residual_output.gen_use_cache	stats.sites.residual_output.targets.attn.layer_window.end_layer_exclusive	stats.sites.residual_output.targets.attn.layer_window.n_active_layers	stats.sites.residual_output.targets.attn.layer_window.n_layers	stats.sites.residual_output.targets.attn.layer_window.skip_first_n	stats.sites.residual_output.targets.attn.layer_window.skip_last_n	stats.sites.residual_output.targets.attn.layer_window.start_layer	stats.sites.residual_output.targets.attn.layer_window.track_layerwise_stats	stats.sites.residual_output.targets.attn.layer_window.track_stats	stats.sites.residual_output.targets.attn.layer_window.xsa_alpha	stats.sites.residual_output.targets.attn.layer_window.xsa_perp_scale	stats.sites.residual_output.targets.both.layer_window.end_layer_exclusive	stats.sites.residual_output.targets.both.layer_window.n_active_layers	stats.sites.residual_output.targets.both.layer_window.n_layers	stats.sites.residual_output.targets.both.layer_window.skip_first_n	stats.sites.residual_output.targets.both.layer_window.skip_last_n	stats.sites.residual_output.targets.both.layer_window.start_layer	stats.sites.residual_output.targets.both.layer_window.track_layerwise_stats	stats.sites.residual_output.targets.both.layer_window.track_stats	stats.sites.residual_output.targets.both.layer_window.xsa_alpha	stats.sites.residual_output.targets.both.layer_window.xsa_perp_scale	stats.sites.residual_output.targets.mlp.layer_window.end_layer_exclusive	stats.sites.residual_output.targets.mlp.layer_window.n_active_layers	stats.sites.residual_output.targets.mlp.layer_window.n_layers	stats.sites.residual_output.targets.mlp.layer_window.skip_first_n	stats.sites.residual_output.targets.mlp.layer_window.skip_last_n	stats.sites.residual_output.targets.mlp.layer_window.start_layer	stats.sites.residual_output.targets.mlp.layer_window.track_layerwise_stats	stats.sites.residual_output.targets.mlp.layer_window.track_stats	stats.sites.residual_output.targets.mlp.layer_window.xsa_alpha	stats.sites.residual_output.targets.mlp.layer_window.xsa_perp_scale	stats.sites.residual_output.use_chat_template	stats.sites.residual_output.xsa_alpha	stats.sites.residual_output.xsa_layer_selection.xsa_end_layer	stats.sites.residual_output.xsa_layer_selection.xsa_skip_first_n	stats.sites.residual_output.xsa_layer_selection.xsa_skip_last_n	stats.sites.residual_output.xsa_layer_selection.xsa_start_layer	stats.sites.residual_output.xsa_layerwise_stats	stats.sites.residual_output.xsa_perp_scale	stats.sites.residual_output.xsa_track_stats	stats.sites.xsa_middle.batch_size	stats.sites.xsa_middle.gen_use_cache	stats.sites.xsa_middle.targets.attn.layer_window.end_layer_exclusive	stats.sites.xsa_middle.targets.attn.layer_window.n_active_layers	stats.sites.xsa_middle.targets.attn.layer_window.n_layers	stats.sites.xsa_middle.targets.attn.layer_window.skip_first_n	stats.sites.xsa_middle.targets.attn.layer_window.skip_last_n	stats.sites.xsa_middle.targets.attn.layer_window.start_layer	stats.sites.xsa_middle.targets.attn.layer_window.track_layerwise_stats	stats.sites.xsa_middle.targets.attn.layer_window.track_stats	stats.sites.xsa_middle.targets.attn.layer_window.xsa_alpha	stats.sites.xsa_middle.targets.attn.layer_window.xsa_perp_scale	stats.sites.xsa_middle.use_chat_template	stats.sites.xsa_middle.xsa_alpha	stats.sites.xsa_middle.xsa_layer_selection.xsa_end_layer	stats.sites.xsa_middle.xsa_layer_selection.xsa_skip_first_n	stats.sites.xsa_middle.xsa_layer_selection.xsa_skip_last_n	stats.sites.xsa_middle.xsa_layer_selection.xsa_start_layer	stats.sites.xsa_middle.xsa_layerwise_stats	stats.sites.xsa_middle.xsa_perp_scale	stats.sites.xsa_middle.xsa_track_stats	stats.sites.xsa_middle_multihead.batch_size	stats.sites.xsa_middle_multihead.gen_use_cache	stats.sites.xsa_middle_multihead.targets.attn.layer_window.end_layer_exclusive	stats.sites.xsa_middle_multihead.targets.attn.layer_window.n_active_layers	stats.sites.xsa_middle_multihead.targets.attn.layer_window.n_layers	stats.sites.xsa_middle_multihead.targets.attn.layer_window.skip_first_n	stats.sites.xsa_middle_multihead.targets.attn.layer_window.skip_last_n	stats.sites.xsa_middle_multihead.targets.attn.layer_window.start_layer	stats.sites.xsa_middle_multihead.targets.attn.layer_window.track_layerwise_stats	stats.sites.xsa_middle_multihead.targets.attn.layer_window.track_stats	stats.sites.xsa_middle_multihead.targets.attn.layer_window.xsa_alpha	stats.sites.xsa_middle_multihead.targets.attn.layer_window.xsa_perp_scale	stats.sites.xsa_middle_multihead.use_chat_template	stats.sites.xsa_middle_multihead.xsa_alpha	stats.sites.xsa_middle_multihead.xsa_layer_selection.xsa_end_layer	stats.sites.xsa_middle_multihead.xsa_layer_selection.xsa_skip_first_n	stats.sites.xsa_middle_multihead.xsa_layer_selection.xsa_skip_last_n	stats.sites.xsa_middle_multihead.xsa_layer_selection.xsa_start_layer	stats.sites.xsa_middle_multihead.xsa_layerwise_stats	stats.sites.xsa_middle_multihead.xsa_perp_scale	stats.sites.xsa_middle_multihead.xsa_track_stats	stats.use_chat_template	stats.xsa_layer_selection.xsa_end_layer	stats.xsa_layer_selection.xsa_skip_first_n	stats.xsa_layer_selection.xsa_skip_last_n	stats.xsa_layer_selection.xsa_start_layer
alpha	0.0_perp_0.7	0	0	0.7		8	8	8	-9.46534752	-4.51090487	0.75000000	12.52022544	-56.32807639	-0.10095281	-0.10907924	0.19705486	-0.31519842	1.00000000	1.00000000	1.00000000	1.00000000	36.00000000	36.00000000	36.00000000	0.00000000	0.00000000	0.00000000	0.00000000	0.00000000	0.00000000	0.70000000	36.00000000	36.00000000	36.00000000	0.00000000	0.00000000	0.00000000	0.00000000	0.00000000	0.00000000	0.70000000	36.00000000	36.00000000	36.00000000	0.00000000	0.00000000	0.00000000	0.00000000	0.00000000	0.00000000	0.70000000	1.00000000	0.00000000	-1.00000000	0.00000000	0.00000000	0.00000000	0.00000000	0.70000000	0.00000000	1.00000000	1.00000000	36.00000000	36.00000000	36.00000000	0.00000000	0.00000000	0.00000000	0.00000000	0.00000000	0.00000000	0.70000000	1.00000000	0.00000000	-1.00000000	0.00000000	0.00000000	0.00000000	0.00000000	0.70000000	0.00000000	1.00000000	1.00000000	36.00000000	36.00000000	36.00000000	0.00000000	0.00000000	0.00000000	0.00000000	0.00000000	0.00000000	0.70000000	1.00000000	0.00000000	-1.00000000	0.00000000	0.00000000	0.00000000	0.00000000	0.70000000	0.00000000	1.00000000	-1.00000000	0.00000000	0.00000000	0.00000000
alpha	0.0_perp_0.8	0	0	0.8		8	8	8	-8.38349002	-4.23993149	0.75000000	5.76932103	-32.52232009	-0.10312280	-0.12718558	0.09564400	-0.26471424	1.00000000	1.00000000	1.00000000	1.00000000	36.00000000	36.00000000	36.00000000	0.00000000	0.00000000	0.00000000	0.00000000	0.00000000	0.00000000	0.80000000	36.00000000	36.00000000	36.00000000	0.00000000	0.00000000	0.00000000	0.00000000	0.00000000	0.00000000	0.80000000	36.00000000	36.00000000	36.00000000	0.00000000	0.00000000	0.00000000	0.00000000	0.00000000	0.00000000	0.80000000	1.00000000	0.00000000	-1.00000000	0.00000000	0.00000000	0.00000000	0.00000000	0.80000000	0.00000000	1.00000000	1.00000000	36.00000000	36.00000000	36.00000000	0.00000000	0.00000000	0.00000000	0.00000000	0.00000000	0.00000000	0.80000000	1.00000000	0.00000000	-1.00000000	0.00000000	0.00000000	0.00000000	0.00000000	0.80000000	0.00000000	1.00000000	1.00000000	36.00000000	36.00000000	36.00000000	0.00000000	0.00000000	0.00000000	0.00000000	0.00000000	0.00000000	0.80000000	1.00000000	0.00000000	-1.00000000	0.00000000	0.00000000	0.00000000	0.00000000	0.80000000	0.00000000	1.00000000	-1.00000000	0.00000000	0.00000000	0.00000000
alpha	0.0_perp_0.9	0	0	0.9		8	8	8	-6.31551951	-1.89779539	0.75000000	0.58261848	-24.61955391	-0.06539697	-0.06376005	0.01008463	-0.14225149	1.00000000	1.00000000	1.00000000	1.00000000	36.00000000	36.00000000	36.00000000	0.00000000	0.00000000	0.00000000	0.00000000	0.00000000	0.00000000	0.90000000	36.00000000	36.00000000	36.00000000	0.00000000	0.00000000	0.00000000	0.00000000	0.00000000	0.00000000	0.90000000	36.00000000	36.00000000	36.00000000	0.00000000	0.00000000	0.00000000	0.00000000	0.00000000	0.00000000	0.90000000	1.00000000	0.00000000	-1.00000000	0.00000000	0.00000000	0.00000000	0.00000000	0.90000000	0.00000000	1.00000000	1.00000000	36.00000000	36.00000000	36.00000000	0.00000000	0.00000000	0.00000000	0.00000000	0.00000000	0.00000000	0.90000000	1.00000000	0.00000000	-1.00000000	0.00000000	0.00000000	0.00000000	0.00000000	0.90000000	0.00000000	1.00000000	1.00000000	36.00000000	36.00000000	36.00000000	0.00000000	0.00000000	0.00000000	0.00000000	0.00000000	0.00000000	0.90000000	1.00000000	0.00000000	-1.00000000	0.00000000	0.00000000	0.00000000	0.00000000	0.90000000	0.00000000	1.00000000	-1.00000000	0.00000000	0.00000000	0.00000000
alpha	0.0_perp_1.0	0	0	1		8	8	8	0.00000000	0.00000000	0.00000000	0.00000000	0.00000000	0.00000000	0.00000000	0.00000000	0.00000000	1.00000000	1.00000000	1.00000000	1.00000000	36.00000000	36.00000000	36.00000000	0.00000000	0.00000000	0.00000000	0.00000000	0.00000000	0.00000000	1.00000000	36.00000000	36.00000000	36.00000000	0.00000000	0.00000000	0.00000000	0.00000000	0.00000000	0.00000000	1.00000000	36.00000000	36.00000000	36.00000000	0.00000000	0.00000000	0.00000000	0.00000000	0.00000000	0.00000000	1.00000000	1.00000000	0.00000000	-1.00000000	0.00000000	0.00000000	0.00000000	0.00000000	1.00000000	0.00000000	1.00000000	1.00000000	36.00000000	36.00000000	36.00000000	0.00000000	0.00000000	0.00000000	0.00000000	0.00000000	0.00000000	1.00000000	1.00000000	0.00000000	-1.00000000	0.00000000	0.00000000	0.00000000	0.00000000	1.00000000	0.00000000	1.00000000	1.00000000	36.00000000	36.00000000	36.00000000	0.00000000	0.00000000	0.00000000	0.00000000	0.00000000	0.00000000	1.00000000	1.00000000	0.00000000	-1.00000000	0.00000000	0.00000000	0.00000000	0.00000000	1.00000000	0.00000000	1.00000000	-1.00000000	0.00000000	0.00000000	0.00000000
alpha	0p0	0	0			8	8	8	0.00000000	0.00000000	0.00000000	0.00000000	0.00000000	0.00000000	0.00000000	0.00000000	0.00000000	1.00000000	1.00000000	1.00000000	1.00000000	36.00000000	36.00000000	36.00000000	0.00000000	0.00000000	0.00000000	0.00000000	0.00000000	0.00000000		36.00000000	36.00000000	36.00000000	0.00000000	0.00000000	0.00000000	0.00000000	0.00000000	0.00000000		36.00000000	36.00000000	36.00000000	0.00000000	0.00000000	0.00000000	0.00000000	0.00000000	0.00000000		1.00000000	0.00000000	-1.00000000	0.00000000	0.00000000	0.00000000	0.00000000		0.00000000	1.00000000	1.00000000	36.00000000	36.00000000	36.00000000	0.00000000	0.00000000	0.00000000	0.00000000	0.00000000	0.00000000		1.00000000	0.00000000	-1.00000000	0.00000000	0.00000000	0.00000000	0.00000000		0.00000000	1.00000000	1.00000000	36.00000000	36.00000000	36.00000000	0.00000000	0.00000000	0.00000000	0.00000000	0.00000000	0.00000000		1.00000000	0.00000000	-1.00000000	0.00000000	0.00000000	0.00000000	0.00000000		0.00000000	1.00000000	-1.00000000	0.00000000	0.00000000	0.00000000
alpha	1.0_perp_0.7	1	1	0.7		8	8	8	-10.05438799	-4.85373642	0.75000000	13.87724508	-58.28038249	-0.11187556	-0.12402415	0.21625471	-0.32812405	1.00000000	1.00000000	1.00000000	1.00000000	36.00000000	36.00000000	36.00000000	0.00000000	0.00000000	0.00000000	0.00000000	0.00000000	1.00000000	0.70000000	36.00000000	36.00000000	36.00000000	0.00000000	0.00000000	0.00000000	0.00000000	0.00000000	1.00000000	0.70000000	36.00000000	36.00000000	36.00000000	0.00000000	0.00000000	0.00000000	0.00000000	0.00000000	1.00000000	0.70000000	1.00000000	1.00000000	-1.00000000	0.00000000	0.00000000	0.00000000	0.00000000	0.70000000	0.00000000	1.00000000	1.00000000	36.00000000	36.00000000	36.00000000	0.00000000	0.00000000	0.00000000	0.00000000	0.00000000	1.00000000	0.70000000	1.00000000	1.00000000	-1.00000000	0.00000000	0.00000000	0.00000000	0.00000000	0.70000000	0.00000000	1.00000000	1.00000000	36.00000000	36.00000000	36.00000000	0.00000000	0.00000000	0.00000000	0.00000000	0.00000000	1.00000000	0.70000000	1.00000000	1.00000000	-1.00000000	0.00000000	0.00000000	0.00000000	0.00000000	0.70000000	0.00000000	1.00000000	-1.00000000	0.00000000	0.00000000	0.00000000
alpha	1.0_perp_0.75	1	1	0.75		8	8	8	-9.09310633	-4.33674743	0.75000000	10.49617673	-43.68290412	-0.09869489	-0.12800729	0.16771460	-0.27841973	1.00000000	1.00000000	1.00000000	1.00000000	36.00000000	36.00000000	36.00000000	0.00000000	0.00000000	0.00000000	0.00000000	0.00000000	1.00000000	0.75000000	36.00000000	36.00000000	36.00000000	0.00000000	0.00000000	0.00000000	0.00000000	0.00000000	1.00000000	0.75000000	36.00000000	36.00000000	36.00000000	0.00000000	0.00000000	0.00000000	0.00000000	0.00000000	1.00000000	0.75000000	1.00000000	1.00000000	-1.00000000	0.00000000	0.00000000	0.00000000	0.00000000	0.75000000	0.00000000	1.00000000	1.00000000	36.00000000	36.00000000	36.00000000	0.00000000	0.00000000	0.00000000	0.00000000	0.00000000	1.00000000	0.75000000	1.00000000	1.00000000	-1.00000000	0.00000000	0.00000000	0.00000000	0.00000000	0.75000000	0.00000000	1.00000000	1.00000000	36.00000000	36.00000000	36.00000000	0.00000000	0.00000000	0.00000000	0.00000000	0.00000000	1.00000000	0.75000000	1.00000000	1.00000000	-1.00000000	0.00000000	0.00000000	0.00000000	0.00000000	0.75000000	0.00000000	1.00000000	-1.00000000	0.00000000	0.00000000	0.00000000
alpha	1.0_perp_0.8	1	1	0.8		8	8	8	-8.67759283	-4.05651261	0.75000000	5.79173435	-33.68292846	-0.10771609	-0.12487745	0.09599829	-0.27878165	1.00000000	1.00000000	1.00000000	1.00000000	36.00000000	36.00000000	36.00000000	0.00000000	0.00000000	0.00000000	0.00000000	0.00000000	1.00000000	0.80000000	36.00000000	36.00000000	36.00000000	0.00000000	0.00000000	0.00000000	0.00000000	0.00000000	1.00000000	0.80000000	36.00000000	36.00000000	36.00000000	0.00000000	0.00000000	0.00000000	0.00000000	0.00000000	1.00000000	0.80000000	1.00000000	1.00000000	-1.00000000	0.00000000	0.00000000	0.00000000	0.00000000	0.80000000	0.00000000	1.00000000	1.00000000	36.00000000	36.00000000	36.00000000	0.00000000	0.00000000	0.00000000	0.00000000	0.00000000	1.00000000	0.80000000	1.00000000	1.00000000	-1.00000000	0.00000000	0.00000000	0.00000000	0.00000000	0.80000000	0.00000000	1.00000000	1.00000000	36.00000000	36.00000000	36.00000000	0.00000000	0.00000000	0.00000000	0.00000000	0.00000000	1.00000000	0.80000000	1.00000000	1.00000000	-1.00000000	0.00000000	0.00000000	0.00000000	0.00000000	0.80000000	0.00000000	1.00000000	-1.00000000	0.00000000	0.00000000	0.00000000
alpha	1.0_perp_0.9	1	1	0.9		8	8	8	-6.69885122	-2.26098053	0.87500000	1.15106455	-28.69323956	-0.06869418	-0.07292307	0.01982689	-0.14817286	1.00000000	1.00000000	1.00000000	1.00000000	36.00000000	36.00000000	36.00000000	0.00000000	0.00000000	0.00000000	0.00000000	0.00000000	1.00000000	0.90000000	36.00000000	36.00000000	36.00000000	0.00000000	0.00000000	0.00000000	0.00000000	0.00000000	1.00000000	0.90000000	36.00000000	36.00000000	36.00000000	0.00000000	0.00000000	0.00000000	0.00000000	0.00000000	1.00000000	0.90000000	1.00000000	1.00000000	-1.00000000	0.00000000	0.00000000	0.00000000	0.00000000	0.90000000	0.00000000	1.00000000	1.00000000	36.00000000	36.00000000	36.00000000	0.00000000	0.00000000	0.00000000	0.00000000	0.00000000	1.00000000	0.90000000	1.00000000	1.00000000	-1.00000000	0.00000000	0.00000000	0.00000000	0.00000000	0.90000000	0.00000000	1.00000000	1.00000000	36.00000000	36.00000000	36.00000000	0.00000000	0.00000000	0.00000000	0.00000000	0.00000000	1.00000000	0.90000000	1.00000000	1.00000000	-1.00000000	0.00000000	0.00000000	0.00000000	0.00000000	0.90000000	0.00000000	1.00000000	-1.00000000	0.00000000	0.00000000	0.00000000
