para_scale	n_prompts	mean_per_text_baseline_ppl	mean_per_text_xsa_ppl	mean_per_text_delta_ppl_xsa	mean_per_text_residual_attn_ppl	mean_per_text_delta_ppl_residual_attn	mean_per_text_residual_mlp_ppl	mean_per_text_delta_ppl_residual_mlp	mean_per_text_residual_both_ppl	mean_per_text_delta_ppl_residual_both	weighted_baseline_loss	weighted_baseline_ppl	weighted_xsa_loss	weighted_delta_loss_xsa	weighted_xsa_ppl	weighted_residual_attn_loss	weighted_delta_loss_residual_attn	weighted_residual_attn_ppl	weighted_residual_mlp_loss	weighted_delta_loss_residual_mlp	weighted_residual_mlp_ppl	weighted_residual_both_loss	weighted_delta_loss_residual_both	weighted_residual_both_ppl	median_baseline_loss	median_xsa_loss	median_delta_loss_xsa
-20	2048	38.16985382	39.70813353	1.53827971	825544.61575504	825506.44590122	11635082509.62762451	11635082471.45780563	4966130922761829.00000000	4966130922761792.00000000	3.25157423	25.83097181	3.28877670	0.03720247	26.81004682	13.51945120	10.26787697	743743.28048124	18.14364389	14.89206966	75802656.35274512	31.56062457	28.30905034	50886794510431.83593750	3.30591965	3.34743869	0.03451157
-17.5	2048	38.16985382	39.29071470	1.12086088	724305.51567039	724267.34581657	13204571603.55895042	13204571565.38907623	35379775883571.70312500	35379775883533.57031250	3.25157423	25.83097181	3.27801844	0.02644421	26.52316341	13.37477581	10.12320158	643563.38748540	18.18308321	14.93150898	78851998.32927726	28.83012476	25.57855053	3317142236974.36035156	3.30591965	3.33216262	0.02561390
-15	2048	38.16985382	38.90175091	0.73189709	656098.75774300	656060.58788918	13263221565.30253983	13263221527.13268089	938135148624.94323730	938135148586.77172852	3.25157423	25.83097181	3.26905781	0.01748358	26.28656081	13.25038709	9.99881286	568289.97811617	18.23093856	14.97936433	82717236.73091444	25.69321884	22.44164461	144020119377.78909302	3.30591965	3.32138634	0.01756799
-12.5	2048	38.16985382	38.64494250	0.47508868	600883.79113286	600845.62127904	12097317090.27474213	12097317052.10488701	15420683618.72453308	15420683580.55470467	3.25157423	25.83097181	3.26242191	0.01084768	26.11270316	13.12521658	9.87364235	501428.63831694	18.32976911	15.07819488	91309839.22363484	22.32117219	19.06959796	4942673360.64908886	3.30591965	3.31437743	0.01095271
-10	128	80.43267587	78.32948730	-2.10318857	743510.26984913	743429.83717326	95472957.86536200	95472877.43268615	442150168.06395084	442150087.63127488	3.91109015	49.95337885	3.90010150	-0.01098865	49.40746361	13.33087278	9.41978263	615920.25644920	18.31856788	14.40747773	90292764.00681306	19.66657937	15.75548922	347605707.76849753	3.95844591	3.92130589	-0.01243711
-9	2048	38.16985382	38.35096211	0.18110829	615464.18832797	615426.01847414	2870220318.39070940	2870220280.22085905	183899936.21025303	183899898.04039976	3.25157423	25.83097181	3.25538167	0.00380744	25.92950925	13.03606280	9.78448857	458659.23423877	18.38124610	15.12967187	96133277.93640570	18.80973299	15.55815876	147558163.64978850	3.30591965	3.30569065	0.00428933
-8	128	80.43267587	78.03109109	-2.40158477	878672.44774384	878592.01506798	69876560.13446759	69876479.70179175	74637390.17333795	74637309.74066214	3.91109015	49.95337885	3.89738874	-0.01370141	49.27361477	13.52579779	9.61470765	748478.52656995	17.98522415	14.07413400	64696919.89282998	17.99646005	14.08536990	65427947.06600891	3.95844591	3.92264676	-0.01314747
-7	2048	38.16985382	38.25220648	0.08235266	600223.30464467	600185.13479084	77210389.50912958	77210351.33927554	31981646.89528732	31981608.72543348	3.25157423	25.83097181	3.25272687	0.00115264	25.86076286	13.00043487	9.74886064	442605.82730044	17.22917290	13.97759867	30376289.01173086	17.03027791	13.77870368	24897498.91175231	3.30591965	3.30417871	0.00106180
-6	128	80.43267587	78.86696645	-1.56570941	700688.32072985	700607.88805398	7235180.39406964	7235099.96139377	6208988.85866513	6208908.42598927	3.91109015	49.95337885	3.90104637	-0.01004378	49.45416937	13.33644612	9.42535597	619362.57313897	15.67618378	11.76509363	6428062.83643842	15.51288200	11.60179185	5459577.69968611	3.95844591	3.94298983	-0.00945795
-5	2048	38.16985382	38.16591799	-0.00393583	692823.36489474	692785.19504092	1210436.75258757	1210398.58273375	2611938.03887359	2611899.86901978	3.25157423	25.83097181	3.25111482	-0.00045941	25.81910757	12.93860561	9.68703138	416068.67377720	13.80946051	10.55788628	993968.21934362	14.51387585	11.26230163	2010463.50865284	3.30591965	3.30334711	-0.00023520
-4.5	2048	38.16985382	38.17119211	0.00133829	670222.47225064	670184.30239681	952579.62566112	952541.45580730	2374541.87776187	2374503.70790805	3.25157423	25.83097181	3.25083119	-0.00074303	25.81178563	12.85308118	9.60150695	381963.82444438	13.60277965	10.35120542	808373.63278561	14.30224698	11.05067275	1626997.70832255	3.30591965	3.30250895	-0.00060737
-4	128	80.43267587	79.42046114	-1.01221472	386064.06023664	385983.62756078	1452559.49232198	1452479.05964612	2260120.18477505	2260039.75209919	3.91109015	49.95337885	3.90470102	-0.00638913	49.63523779	12.59400487	8.68291472	294785.97587712	14.01603538	10.10494524	1222043.94874764	14.28959386	10.37850372	1606540.81679744	3.95844591	3.92941761	-0.00547099
-3.5	128	38.44376310	38.64475142	0.20098832	654290.19420198	654251.75043888	4211886.03439979	4211847.59063669	3298256.95197882	3298218.50821572	3.30796669	27.32949966	3.30732568	-0.00064101	27.31198672	12.34491636	9.03694967	229788.90526589	14.99501748	11.68705078	3252769.92785608	14.77758926	11.46962257	2617131.05647750	3.27489233	3.27679074	-0.00136971
-3	128	80.43267587	79.38433541	-1.04834045	237026.48880143	236946.05612557	9133832.47274479	9133752.04006893	9769094.31996642	9769013.88729056	3.91109015	49.95337885	3.90567888	-0.00541127	49.68379792	11.82102548	7.90993533	136083.70860482	15.74489686	11.83380672	6885283.48014404	15.81391741	11.90282726	7377293.62193087	3.95844591	3.94071853	-0.00278294
-2.5	128	38.44376310	38.76239810	0.31863500	14672543721485.66796875	14672543721447.23242188	15493599.26637591	15493560.82261280	39697996.56864390	39697958.12488080	3.30796669	27.32949966	3.30747818	-0.00048851	27.31615206	12.03485300	8.72688631	168527.29437506	16.17999952	12.87203283	10638600.74604640	17.16865389	13.86068720	28592468.28194373	3.27489233	3.27527070	-0.00066853
-2	128	80.43267587	79.41289706	-1.01977881	368129.19273036	368048.76005449	16157012.61379923	16156932.18112336	31885120.01573744	31885039.58306158	3.91109015	49.95337885	3.90651571	-0.00457444	49.72539205	10.26727664	6.35618649	28775.41454365	16.37479823	12.46370808	12926606.06647910	16.85386499	12.94277485	20870870.62077285	3.95844591	3.93513417	-0.00350142
-1.5	128	38.44376310	38.65475009	0.21098699	277915.08033840	277876.63657530	6054587.74290559	6054549.29914248	5294274.47258795	5294236.02882484	3.30796669	27.32949966	3.30722824	-0.00073845	27.30932570	8.40611739	5.09815070	4474.35459031	15.13756909	11.82960240	3751135.27835818	15.10501222	11.79704553	3630976.64885664	3.27489233	3.27717566	-0.00013947
-1	128	80.43267587	79.74812484	-0.68455103	430.03845111	349.60577524	295983.36371543	295902.93103956	606027.16764520	605946.73496934	3.91109015	49.95337885	3.90703176	-0.00405839	49.75105947	5.02201452	1.11092437	151.71663254	12.07339532	8.16230517	175149.52527297	12.90349903	8.99240888	401715.34916644	3.95844591	3.94610047	-0.00336337
-0.75	128	38.44376310	38.56689396	0.12313085	89.82714724	51.38338414	85315.97725198	85277.53348888	241847.24300976	241808.79924666	3.30796669	27.32949966	3.30670123	-0.00126547	27.29493696	3.99096994	0.68300324	54.10734453	9.90307457	6.59510788	19991.74206297	11.55500817	8.24704148	104298.07371115	3.27489233	3.27558804	-0.00065923
-0.5	128	38.44376310	38.63314800	0.18938490	55.51486370	17.07110059	24268.31778007	24229.87401697	82738.72404779	82700.28028468	3.30796669	27.32949966	3.30719651	-0.00077019	27.30845895	3.65259419	0.34462750	38.57460641	7.88312643	4.57515974	2652.15137064	10.29415222	6.98618552	29559.25632961	3.27489233	3.27678430	-0.00069296
-0.25	128	38.44376310	38.53604054	0.09227743	46.86212032	8.41835722	6051.03976945	6012.59600635	30252.39013864	30213.94637554	3.30796669	27.32949966	3.30701731	-0.00094939	27.30356573	3.49937340	0.19140671	33.09470842	6.48864786	3.18068117	657.63355232	8.23544665	4.92747995	3772.32441495	3.27489233	3.27407134	-0.00085700
0	128	80.43267587	79.96859439	-0.46408148	84.01195612	3.57928025	237.94308886	157.51041300	455.49929620	375.06662033	3.91109015	49.95337885	3.90890219	-0.00218796	49.84420249	3.98734511	0.07625496	53.91156975	4.85251364	0.94142349	128.06188734	5.55544902	1.64435887	258.64307359	3.95844591	3.95075285	-0.00104713
0.25	128	38.44376310	38.57643271	0.13266960	40.52351734	2.07975423	378.39649278	339.95272968	1257.80305831	1219.35929521	3.30796669	27.32949966	3.30758519	-0.00038150	27.31907544	3.36585238	0.05788568	28.95817006	4.52155104	1.21358435	91.97814906	4.70568533	1.39771864	110.57403916	3.27489233	3.27485907	-0.00061631
0.5	128	38.44376310	38.44797528	0.00421217	39.36682284	0.92305974	98.52612012	60.08235702	111.56556648	73.12180338	3.30796669	27.32949966	3.30723206	-0.00073463	27.30942996	3.33350260	0.02553591	28.03637022	3.94935818	0.64139149	51.90204457	4.04061375	0.73264706	56.86123084	3.27489233	3.27515781	0.00023270
0.75	128	38.44376310	38.51778506	0.07402196	38.63856911	0.19480601	45.96188365	7.51812054	47.40839097	8.96462787	3.30796669	27.32949966	3.30760068	-0.00036601	27.31949859	3.31471772	0.00675102	27.51462593	3.47183354	0.16386685	32.19572054	3.49791217	0.18994548	33.04638474	3.27489233	3.27549577	0.00000000
1	128	80.43267587	80.43267587	0.00000000	80.43267587	0.00000000	80.43267587	0.00000000	80.43267587	0.00000000	3.91109015	49.95337885	3.91109015	0.00000000	49.95337885	3.91109015	0.00000000	49.95337885	3.91109015	0.00000000	49.95337885	3.91109015	0.00000000	49.95337885	3.95844591	3.95844591	0.00000000
1.5	128	38.44376310	38.61132093	0.16755783	43.23244738	4.78868428	46.10223788	7.65847478	51.62775312	13.18399002	3.30796669	27.32949966	3.30900865	0.00104195	27.35799059	3.36911848	0.06115179	29.05290502	3.48277780	0.17481110	32.55001392	3.55864841	0.25068172	35.11570294	3.27489233	3.27987587	0.00138795
2	128	80.43267587	80.38686910	-0.04580677	103.96661095	23.53393509	9936.45067658	9856.01800071	275.37040858	194.93773271	3.91109015	49.95337885	3.91261693	0.00152678	50.02970489	4.08387904	0.17278889	59.37534318	7.97364855	4.06255840	2903.43137392	4.95931425	1.04822410	142.49604539	3.95844591	3.96529579	0.00167978
2.5	128	38.44376310	38.64032198	0.19655887	267.46241365	229.01865055	6257.97857199	6219.53480889	372.86318361	334.41942051	3.30796669	27.32949966	3.30861924	0.00065255	27.34733922	4.64298799	1.33502130	103.85419994	6.15548498	2.84751829	471.29535559	4.70200489	1.39403820	110.16782580	3.27489233	3.27183974	0.00014067
3	128	80.43267587	80.95714330	0.52446744	212.64276075	132.21008489	500633.02217859	500552.58950272	15018.91183942	14938.47916356	3.91109015	49.95337885	3.91605549	0.00496534	50.20203110	4.66265095	0.75156080	105.91648978	12.22413181	8.31304167	203644.64398483	7.59300348	3.68191334	1984.26427721	3.95844591	3.97303808	0.00554216
3.5	128	38.44376310	38.63706402	0.19330092	636.02342095	597.57965784	222852.23938786	222813.79562475	4769.24009950	4730.79633640	3.30796669	27.32949966	3.31024003	0.00227333	27.39169943	5.41327497	2.10530827	224.36517403	10.49911637	7.19114968	36283.42736232	5.73961293	2.43164624	310.94403062	3.27489233	3.27815199	0.00174260
4	128	80.43267587	81.79521937	1.36254350	1538.16835470	1457.73567884	704676.83003903	704596.39736317	4730.82971919	4650.39704333	3.91109015	49.95337885	3.92146336	0.01037322	50.47425301	6.46429367	2.55320352	641.81087433	12.91719480	9.00610465	407254.99893595	7.44905223	3.53796208	1718.23388659	3.95844591	3.98047054	0.00977004
4.5	128	38.44376310	38.63888563	0.19512253	1171.66150868	1133.21774558	1020732.09686418	1020693.65310108	30981.07904551	30942.63528240	3.30796669	27.32949966	3.31205397	0.00408728	27.44143145	6.04155873	2.73359203	420.54804324	13.08539595	9.77742926	481853.76426478	7.15901108	3.85104439	1285.63891500	3.27489233	3.27898836	0.00349486
5	128	38.44376310	38.51349250	0.06972939	1760.76007071	1722.31630760	1464452.95157602	1464414.50781291	55642.03438790	55603.59062479	3.30796669	27.32949966	3.31281144	0.00484475	27.46222556	6.34456347	3.03659677	569.38877773	13.73284209	10.42487539	920656.31942708	8.15040048	4.84243379	3464.76636117	3.27489233	3.28171027	0.00392985
6	128	80.43267587	82.60281389	2.17013803	4396.82224247	4316.38956661	2436599.68360863	2436519.25093276	11328.37242340	11247.93974753	3.91109015	49.95337885	3.92886446	0.01777432	50.84920370	6.43754829	2.52645815	624.87291540	14.51402417	10.60293402	2010761.71656759	8.43890008	4.52780993	4623.46673572	3.95844591	3.98577929	0.01800954
7	128	38.44376310	38.72664331	0.28288021	10029.19645034	9990.75268724	4162734.84536680	4162696.40160370	1021271.95937044	1021233.51560734	3.30796669	27.32949966	3.31537441	0.00740772	27.53270061	8.06616543	4.75819874	3184.86580609	15.05381542	11.74584873	3449760.67959341	12.63225133	9.32428463	306278.87594054	3.27489233	3.28054762	0.00578356
8	128	80.43267587	83.28628685	2.85361099	38899.50241123	38819.06973537	6445856.62544150	6445776.19276563	56040.56042912	55960.12775325	3.91109015	49.95337885	3.93703908	0.02594893	51.26658017	10.01104045	6.09995031	22270.99535856	15.54993673	11.63884658	5665675.76157345	10.44817756	6.53708741	34481.47695437	3.95844591	3.99523079	0.02821898
9	128	38.44376310	38.68538739	0.24162429	31841.05167411	31802.60791101	8144940.41362461	8144901.96986151	2311473.03043115	2311434.58666805	3.30796669	27.32949966	3.31968373	0.01171704	27.65160381	9.04742690	5.73946020	8496.64701876	15.83376653	12.52579983	7525189.31559170	14.10409120	10.79612450	1334531.96100927	3.27489233	3.27698970	0.01048768
10	128	80.43267587	84.60493540	4.17225953	9744.35939105	9663.92671519	10317785.39789299	10317704.96521712	1167388.10838935	1167307.67571348	3.91109015	49.95337885	3.94890234	0.03781219	51.87839072	8.35704217	4.44595203	4260.07554710	16.05314372	12.14205358	9371125.11439527	13.31609148	9.40500134	606883.11131190	3.95844591	4.02792311	0.03705370
12.5	128	38.44376310	38.79675425	0.35299114	171917.92215496	171879.47839185	12935831.76523183	12935793.32146872	9865749.08191992	9865710.63815682	3.30796669	27.32949966	3.33049303	0.02252634	27.95211967	10.68182067	7.37385397	43556.78057813	16.21792621	12.90995952	11049836.76617569	15.99759094	12.68962424	8864729.08724944	3.27489233	3.29264045	0.01818240
15	2048	38.16985382	39.40927246	1.23941864	500057.16070124	500018.99084742	15863124.90581201	15863086.73595819	16235371.18552853	16235333.01567465	3.25157423	25.83097181	3.28069782	0.02912359	26.59432433	11.60861109	8.35703686	110041.30660890	16.36370585	13.11213162	12784011.52627161	16.38347075	13.13189652	13039199.81189393	3.30591965	3.32808781	0.02724075
17.5	128	38.44376310	39.35201262	0.90824951	435280.83503752	435242.39127442	14552736.09390109	14552697.65013799	23054099.51474029	23054061.07097720	3.30796669	27.32949966	3.34839506	0.04042837	28.45702514	12.41337429	9.10540760	246070.72869068	16.27763104	12.96966435	11729657.71296465	16.67560974	13.36764305	17463258.94738401	3.27489233	3.30261803	0.03423393
20	2048	38.16985382	40.31977576	2.14992194	922811.11074515	922772.94089132	17266687.61587572	17266649.44602195	337341162.35959226	337341124.18974048	3.25157423	25.83097181	3.30292103	0.05134680	27.19195160	13.02515534	9.77358111	453683.61166441	16.35417858	13.10260435	12662793.17543173	17.66171731	14.41014308	46815144.72220150	3.30591965	3.35330451	0.04664505
