perp_scale	n_prompts	mean_per_text_baseline_ppl	mean_per_text_xsa_ppl	mean_per_text_delta_ppl_xsa	mean_per_text_residual_attn_ppl	mean_per_text_delta_ppl_residual_attn	mean_per_text_residual_mlp_ppl	mean_per_text_delta_ppl_residual_mlp	mean_per_text_residual_both_ppl	mean_per_text_delta_ppl_residual_both	weighted_baseline_loss	weighted_baseline_ppl	weighted_xsa_loss	weighted_delta_loss_xsa	weighted_xsa_ppl	weighted_residual_attn_loss	weighted_delta_loss_residual_attn	weighted_residual_attn_ppl	weighted_residual_mlp_loss	weighted_delta_loss_residual_mlp	weighted_residual_mlp_ppl	weighted_residual_both_loss	weighted_delta_loss_residual_both	weighted_residual_both_ppl	median_baseline_loss	median_xsa_loss	median_delta_loss_xsa
-1.5	1024	91.72845411	349834.83348925	349743.10503514	388405.63364880	388313.90519470	51016936.30146912	51016844.57301498	17687366.54445388	17687274.81599975	3.89644276	49.22702483	12.53684683	8.64040407	278409.08226868	12.68662690	8.79018414	323394.07232925	17.66890707	13.77246431	47152946.89481602	16.54562701	12.64918425	15334672.67926759	4.00119698	12.61787128	8.57217300
-1.375	2048	38.16985382	324034.70188491	323996.53203109	344145.31791681	344107.14806299	45630058.94237575	45630020.77252201	22210000.53169696	22209962.36184314	3.25157423	25.83097181	12.45136767	9.19979344	255599.65937044	12.56296504	9.31139081	285776.42054037	17.53281919	14.28124496	41153485.65082190	16.73015434	13.47858012	18442241.86320782	3.30591965	12.53737164	9.17227840
-1.25	1024	91.72845411	338596.76857821	338505.04012410	451352.03053694	451260.30208283	42526271.74767940	42526180.01922532	21878249.09979874	21878157.37134460	3.89644276	49.22702483	12.47970059	8.58325783	262945.11182441	12.74841245	8.85196970	344005.33813513	17.46047921	13.56403645	38281572.84818522	16.72210876	12.82566600	18294458.45841802	4.00119698	12.59188604	8.52092302
-1.125	2048	38.16985382	333093.88553673	333055.71568291	369082.57654945	369044.40669562	32204252.24821078	32204214.07835691	28405547.79819094	28405509.62833717	3.25157423	25.83097181	12.44335537	9.19178114	253559.90046526	12.59076841	9.33919418	293833.45674190	17.16712211	13.91554788	28548704.44169087	16.93213848	13.68056425	22570142.89980853	3.30591965	12.54233170	9.20382392
-1.0	1024	91.72845411	302296.86213832	302205.13368421	366439.79940901	366348.07095490	29039486.54970750	29039394.82125338	29783143.12368123	29783051.39522713	3.89644276	49.22702483	12.38846224	8.49201948	240016.32935966	12.60939022	8.71294746	299356.43097132	17.07062439	13.17418163	25922565.20434390	16.94987059	13.05342783	22973928.50642055	4.00119698	12.49141693	8.38484991
-0.875	2048	38.16985382	411113.73574296	411075.56588914	461496.14312324	461457.97326942	28354489.45394007	28354451.28408629	40854645.53498740	40854607.36513364	3.25157423	25.83097181	12.62837386	9.37679963	305093.59020080	12.78028747	9.52871324	355147.14147987	16.94364208	13.69206785	22831279.90339349	17.19421502	13.94264080	29332744.94699600	3.30591965	12.73465967	9.37063873
-0.75	1024	91.72845411	561583.08652335	561491.35806924	528020.80680006	527929.07834595	43691158.20318625	43691066.47473222	47502936.51633223	47502844.78787804	3.89644276	49.22702483	13.00965160	9.11320885	446704.06386874	12.95452620	9.05808344	422745.74235429	16.56316501	12.66672226	15605984.40786963	17.20526909	13.30882634	29658789.85602562	4.00119698	13.13782024	9.01358449
-0.625	2048	38.16985382	883745.54458652	883707.37473270	835753.33574887	835715.16589505	107247508.36468145	107247470.19482762	67138840.30108289	67138802.13122915	3.25157423	25.83097181	13.32023245	10.06865822	609401.40182617	13.34809458	10.09652035	626619.37531715	16.33230557	13.08073134	12388826.91272100	17.41881106	14.16723683	36719226.51066490	3.30591965	13.45174122	10.07698762
-0.5	1024	91.72845411	1823526.93094069	1823435.20248658	1423648.85117161	1423557.12271751	71058494.00349924	71058402.27504507	67391339.63064183	67391247.90218772	3.89644276	49.22702483	14.06932533	10.17288258	1288933.04037736	13.90064825	10.00420549	1088866.98187038	17.57255063	13.67610788	42821489.80904415	17.21986044	13.32341768	30094724.12459796	4.00119698	14.18984556	10.09061265
-0.375	2048	38.16985382	3047428.80916525	3047390.63931142	1878634.33704522	1878596.16719139	288098614.67771626	288098576.50786203	74541641.21060783	74541603.04075414	3.25157423	25.83097181	14.61925319	11.36767896	2233885.91866081	14.21782228	10.96624805	1495277.36828900	19.04616515	15.79459092	186915116.73576874	17.13383568	13.88226145	27614061.51520505	3.30591965	14.69936562	11.30991030
-0.25	1024	91.72845411	3127994.08624686	3127902.35779275	1557042.43669063	1556950.70823653	232096366.79076973	232096275.06231585	17359398.79815358	17359307.06969949	3.89644276	49.22702483	14.76709078	10.87064802	2589798.87467679	14.08848339	10.19204063	1313864.54317415	18.68689581	14.79045305	130501569.12158370	16.25169142	12.35524867	11429307.23934407	4.00119698	14.86221933	10.75735509
-0.125	2048	38.16985382	3475283.11813970	3475244.94828588	2538704.96651173	2538666.79665791	58276680.75087436	58276642.58102052	1043032629.84524727	1043032591.67539275	3.25157423	25.83097181	14.91853283	11.66695860	3013259.17065772	14.54363905	11.29206482	2071200.71116044	15.90193080	12.65035657	8056024.84732884	18.53126217	15.27968794	111692729.49782401	3.30591965	14.97878170	11.66115832
0.0	1024	91.72845411	1300758.65198981	1300666.92353570	2304007.99739645	2303916.26894235	215828783.61354986	215828691.88509551	inf	inf	3.89644276	49.22702483	13.96781562	10.07137287	1164515.43636352	14.59739812	10.70095536	2185593.80779649	18.84762239	14.95117963	153256322.24885663	50.78130338	46.88486062	11325042483802507575296.00000000	4.00119698	13.98510456	9.94873703
0.125	2048	38.16985382	21432.30889678	21394.13904296	41743.01745061	41704.84759678	29456658.79312140	29456620.62326762	3649286.45126998	3649248.28141617	3.25157423	25.83097181	9.76471289	6.51313866	17408.48285518	9.95633696	6.70476273	21085.41743227	14.51664875	11.26507452	2016046.04735897	14.89204927	11.64047504	2934504.78927766	3.30591965	9.74872828	6.45738018
0.25	1024	91.72845411	1286.33065079	1194.60219668	1177.46558635	1085.73713224	2174116.08967815	2174024.36122404	334368.78776216	334277.05930805	3.89644276	49.22702483	6.88639929	2.98995653	978.87043113	6.67739814	2.78095538	794.24989165	13.76324163	9.86679887	949073.59596122	11.83048275	7.93403999	137376.79328595	4.00119698	6.95715356	2.90536630
0.375	2048	38.16985382	126.66774590	88.49789208	159.72355009	121.55369627	1677852824.91635394	1677852786.74650192	11577.86270023	11539.69284641	3.25157423	25.83097181	4.48592741	1.23435318	88.75922880	4.63964969	1.38807546	103.50808083	14.90752903	11.65595480	2980283.62501464	5.89900094	2.64742671	364.67295685	3.30591965	4.53393149	1.20085502
0.5	1024	91.72845411	93.59834722	1.86989312	121.72613758	29.99768347	7272.26758878	7180.53913467	525.56327224	433.83481813	3.89644276	49.22702483	4.02347054	0.12702778	55.89475468	4.15359616	0.25715341	63.66253003	8.35500719	4.45856443	4251.41515904	5.32171126	1.42526850	204.73393442	4.00119698	4.11037111	0.09467816
0.625	2048	38.16985382	41.34557709	3.17572327	41.36414030	3.19428648	116.25727032	78.08741650	54.62256968	16.45271586	3.25157423	25.83097181	3.32808414	0.07650991	27.88486707	3.32282814	0.07125391	27.73868869	4.17767908	0.92610486	65.21432052	3.57565955	0.32408532	35.71817101	3.30591965	3.36984217	0.07338202
0.75	1024	91.72845411	84.13107946	-7.59737465	81.94776602	-9.78068808	117.69897541	25.97052130	86.74052365	-4.98793046	3.89644276	49.22702483	3.82457266	-0.07187010	45.81321829	3.80534653	-0.09109623	44.94082079	4.21698101	0.32053825	67.82840160	3.93134191	0.03489915	50.97533617	4.00119698	3.92357659	-0.07570505
0.875	2048	38.16985382	37.52007254	-0.64978129	37.50401329	-0.66584053	41.40559048	3.23573666	38.95733638	0.78748256	3.25157423	25.83097181	3.23235195	-0.01922228	25.33918351	3.23228368	-0.01929055	25.33745359	3.33035717	0.07878294	27.94832226	3.27268573	0.02111150	26.38209948	3.30591965	3.28320611	-0.01892686
1.0	1024	91.72845411	91.72845411	0.00000000	91.72845411	0.00000000	91.72845411	0.00000000	91.72845411	0.00000000	3.89644276	49.22702483	3.89644276	0.00000000	49.22702483	3.89644276	0.00000000	49.22702483	3.89644276	0.00000000	49.22702483	3.89644276	0.00000000	49.22702483	4.00119698	4.00119698	0.00000000
1.125	2048	38.16985382	39.68740017	1.51754635	39.65429494	1.48444112	39.25635924	1.08650542	39.43491452	1.26506070	3.25157423	25.83097181	3.28984391	0.03826968	26.83867415	3.28906302	0.03748879	26.81772433	3.26950747	0.01793324	26.29838337	3.27652509	0.02495087	26.48358467	3.30591965	3.34092307	0.03607059
1.25	1024	91.72845411	113.98384556	22.25539145	116.37478501	24.64633090	97.02619838	5.29774427	103.35704102	11.62858692	3.89644276	49.22702483	4.08507259	0.18862984	59.44625304	4.10268257	0.20623981	60.50237207	3.95091554	0.05447278	51.98293751	4.00884760	0.11240484	55.08335575	4.00119698	4.20567870	0.19040775
1.375	2048	38.16985382	45.36972338	7.19986956	44.53005314	6.36019932	52.57516892	14.40531510	52.67222040	14.50236658	3.25157423	25.83097181	3.41801177	0.16643754	30.50869628	3.40156718	0.14999295	30.01109607	3.52303273	0.27145850	33.88704318	3.51082566	0.25925143	33.47589606	3.30591965	3.47582936	0.15759170
1.5	1024	91.72845411	137.70884510	45.98039100	148.35934525	56.63089114	132.78301053	41.05455643	171.02552136	79.29706726	3.89644276	49.22702483	4.26732864	0.37088588	71.33083042	4.31499113	0.41854837	74.81295961	4.22059131	0.32414856	68.07372535	4.38514408	0.48870132	80.24978444	4.00119698	4.39787412	0.36645699
