avg_baseline_ppl,avg_delta_ppl,avg_delta_ppl_residual_attn,avg_delta_ppl_residual_both,avg_delta_ppl_residual_mlp,avg_residual_attn_ppl,avg_residual_both_ppl,avg_residual_mlp_ppl,avg_xsa_ppl,n_prompts,para_scale,path
38.16985382,1.53827971,825506.44590122,4966130922761792.0,11635082471.457806,825544.61575504,4966130922761829.0,11635082509.627625,39.70813353,2048,-20.0,/Users/heshuai/Documents/99_Unsorted_Review/2026-05-15_imported_archives/02_bundle_zip/projects/Transformer-Geometry/Transformer-Geometry/Transformer-Geometry/drawing/para_ablation/data/para_ppl_summary.tsv
38.16985382,1.12086088,724267.34581657,35379775883533.57,13204571565.389076,724305.51567039,35379775883571.7,13204571603.55895,39.2907147,2048,-17.5,/Users/heshuai/Documents/99_Unsorted_Review/2026-05-15_imported_archives/02_bundle_zip/projects/Transformer-Geometry/Transformer-Geometry/Transformer-Geometry/drawing/para_ablation/data/para_ppl_summary.tsv
38.16985382,0.73189709,656060.58788918,938135148586.7717,13263221527.13268,656098.757743,938135148624.9432,13263221565.30254,38.90175091,2048,-15.0,/Users/heshuai/Documents/99_Unsorted_Review/2026-05-15_imported_archives/02_bundle_zip/projects/Transformer-Geometry/Transformer-Geometry/Transformer-Geometry/drawing/para_ablation/data/para_ppl_summary.tsv
38.16985382,0.47508868,600845.62127904,15420683580.554705,12097317052.104887,600883.79113286,15420683618.724533,12097317090.274742,38.6449425,2048,-12.5,/Users/heshuai/Documents/99_Unsorted_Review/2026-05-15_imported_archives/02_bundle_zip/projects/Transformer-Geometry/Transformer-Geometry/Transformer-Geometry/drawing/para_ablation/data/para_ppl_summary.tsv
80.43267587,-2.10318857,743429.83717326,442150087.6312749,95472877.43268615,743510.26984913,442150168.06395084,95472957.865362,78.3294873,128,-10.0,/Users/heshuai/Documents/99_Unsorted_Review/2026-05-15_imported_archives/02_bundle_zip/projects/Transformer-Geometry/Transformer-Geometry/Transformer-Geometry/drawing/para_ablation/data/para_ppl_summary.tsv
38.16985382,0.18110829,615426.01847414,183899898.04039976,2870220280.220859,615464.18832797,183899936.21025303,2870220318.3907094,38.35096211,2048,-9.0,/Users/heshuai/Documents/99_Unsorted_Review/2026-05-15_imported_archives/02_bundle_zip/projects/Transformer-Geometry/Transformer-Geometry/Transformer-Geometry/drawing/para_ablation/data/para_ppl_summary.tsv
80.43267587,-2.40158477,878592.01506798,74637309.74066214,69876479.70179175,878672.44774384,74637390.17333795,69876560.13446759,78.03109109,128,-8.0,/Users/heshuai/Documents/99_Unsorted_Review/2026-05-15_imported_archives/02_bundle_zip/projects/Transformer-Geometry/Transformer-Geometry/Transformer-Geometry/drawing/para_ablation/data/para_ppl_summary.tsv
38.16985382,0.08235266,600185.13479084,31981608.72543348,77210351.33927554,600223.30464467,31981646.89528732,77210389.50912958,38.25220648,2048,-7.0,/Users/heshuai/Documents/99_Unsorted_Review/2026-05-15_imported_archives/02_bundle_zip/projects/Transformer-Geometry/Transformer-Geometry/Transformer-Geometry/drawing/para_ablation/data/para_ppl_summary.tsv
80.43267587,-1.56570941,700607.88805398,6208908.42598927,7235099.96139377,700688.32072985,6208988.85866513,7235180.39406964,78.86696645,128,-6.0,/Users/heshuai/Documents/99_Unsorted_Review/2026-05-15_imported_archives/02_bundle_zip/projects/Transformer-Geometry/Transformer-Geometry/Transformer-Geometry/drawing/para_ablation/data/para_ppl_summary.tsv
38.16985382,-0.00393583,692785.19504092,2611899.86901978,1210398.58273375,692823.36489474,2611938.03887359,1210436.75258757,38.16591799,2048,-5.0,/Users/heshuai/Documents/99_Unsorted_Review/2026-05-15_imported_archives/02_bundle_zip/projects/Transformer-Geometry/Transformer-Geometry/Transformer-Geometry/drawing/para_ablation/data/para_ppl_summary.tsv
38.16985382,0.00133829,670184.30239681,2374503.70790805,952541.4558073,670222.47225064,2374541.87776187,952579.62566112,38.17119211,2048,-4.5,/Users/heshuai/Documents/99_Unsorted_Review/2026-05-15_imported_archives/02_bundle_zip/projects/Transformer-Geometry/Transformer-Geometry/Transformer-Geometry/drawing/para_ablation/data/para_ppl_summary.tsv
80.43267587,-1.01221472,385983.62756078,2260039.75209919,1452479.05964612,386064.06023664,2260120.18477505,1452559.49232198,79.42046114,128,-4.0,/Users/heshuai/Documents/99_Unsorted_Review/2026-05-15_imported_archives/02_bundle_zip/projects/Transformer-Geometry/Transformer-Geometry/Transformer-Geometry/drawing/para_ablation/data/para_ppl_summary.tsv
38.4437631,0.20098832,654251.75043888,3298218.50821572,4211847.59063669,654290.19420198,3298256.95197882,4211886.03439979,38.64475142,128,-3.5,/Users/heshuai/Documents/99_Unsorted_Review/2026-05-15_imported_archives/02_bundle_zip/projects/Transformer-Geometry/Transformer-Geometry/Transformer-Geometry/drawing/para_ablation/data/para_ppl_summary.tsv
80.43267587,-1.04834045,236946.05612557,9769013.88729056,9133752.04006893,237026.48880143,9769094.31996642,9133832.47274479,79.38433541,128,-3.0,/Users/heshuai/Documents/99_Unsorted_Review/2026-05-15_imported_archives/02_bundle_zip/projects/Transformer-Geometry/Transformer-Geometry/Transformer-Geometry/drawing/para_ablation/data/para_ppl_summary.tsv
38.4437631,0.318635,14672543721447.232,39697958.1248808,15493560.8226128,14672543721485.668,39697996.5686439,15493599.26637591,38.7623981,128,-2.5,/Users/heshuai/Documents/99_Unsorted_Review/2026-05-15_imported_archives/02_bundle_zip/projects/Transformer-Geometry/Transformer-Geometry/Transformer-Geometry/drawing/para_ablation/data/para_ppl_summary.tsv
80.43267587,-1.01977881,368048.76005449,31885039.58306158,16156932.18112336,368129.19273036,31885120.01573744,16157012.61379923,79.41289706,128,-2.0,/Users/heshuai/Documents/99_Unsorted_Review/2026-05-15_imported_archives/02_bundle_zip/projects/Transformer-Geometry/Transformer-Geometry/Transformer-Geometry/drawing/para_ablation/data/para_ppl_summary.tsv
38.4437631,0.21098699,277876.6365753,5294236.02882484,6054549.29914248,277915.0803384,5294274.47258795,6054587.74290559,38.65475009,128,-1.5,/Users/heshuai/Documents/99_Unsorted_Review/2026-05-15_imported_archives/02_bundle_zip/projects/Transformer-Geometry/Transformer-Geometry/Transformer-Geometry/drawing/para_ablation/data/para_ppl_summary.tsv
80.43267587,-0.68455103,349.60577524,605946.73496934,295902.93103956,430.03845111,606027.1676452,295983.36371543,79.74812484,128,-1.0,/Users/heshuai/Documents/99_Unsorted_Review/2026-05-15_imported_archives/02_bundle_zip/projects/Transformer-Geometry/Transformer-Geometry/Transformer-Geometry/drawing/para_ablation/data/para_ppl_summary.tsv
38.4437631,0.12313085,51.38338414,241808.79924666,85277.53348888,89.82714724,241847.24300976,85315.97725198,38.56689396,128,-0.75,/Users/heshuai/Documents/99_Unsorted_Review/2026-05-15_imported_archives/02_bundle_zip/projects/Transformer-Geometry/Transformer-Geometry/Transformer-Geometry/drawing/para_ablation/data/para_ppl_summary.tsv
38.4437631,0.1893849,17.07110059,82700.28028468,24229.87401697,55.5148637,82738.72404779,24268.31778007,38.633148,128,-0.5,/Users/heshuai/Documents/99_Unsorted_Review/2026-05-15_imported_archives/02_bundle_zip/projects/Transformer-Geometry/Transformer-Geometry/Transformer-Geometry/drawing/para_ablation/data/para_ppl_summary.tsv
38.4437631,0.09227743,8.41835722,30213.94637554,6012.59600635,46.86212032,30252.39013864,6051.03976945,38.53604054,128,-0.25,/Users/heshuai/Documents/99_Unsorted_Review/2026-05-15_imported_archives/02_bundle_zip/projects/Transformer-Geometry/Transformer-Geometry/Transformer-Geometry/drawing/para_ablation/data/para_ppl_summary.tsv
80.43267587,-0.46408148,3.57928025,375.06662033,157.510413,84.01195612,455.4992962,237.94308886,79.96859439,128,0.0,/Users/heshuai/Documents/99_Unsorted_Review/2026-05-15_imported_archives/02_bundle_zip/projects/Transformer-Geometry/Transformer-Geometry/Transformer-Geometry/drawing/para_ablation/data/para_ppl_summary.tsv
38.4437631,0.1326696,2.07975423,1219.35929521,339.95272968,40.52351734,1257.80305831,378.39649278,38.57643271,128,0.25,/Users/heshuai/Documents/99_Unsorted_Review/2026-05-15_imported_archives/02_bundle_zip/projects/Transformer-Geometry/Transformer-Geometry/Transformer-Geometry/drawing/para_ablation/data/para_ppl_summary.tsv
38.4437631,0.00421217,0.92305974,73.12180338,60.08235702,39.36682284,111.56556648,98.52612012,38.44797528,128,0.5,/Users/heshuai/Documents/99_Unsorted_Review/2026-05-15_imported_archives/02_bundle_zip/projects/Transformer-Geometry/Transformer-Geometry/Transformer-Geometry/drawing/para_ablation/data/para_ppl_summary.tsv
38.4437631,0.07402196,0.19480601,8.96462787,7.51812054,38.63856911,47.40839097,45.96188365,38.51778506,128,0.75,/Users/heshuai/Documents/99_Unsorted_Review/2026-05-15_imported_archives/02_bundle_zip/projects/Transformer-Geometry/Transformer-Geometry/Transformer-Geometry/drawing/para_ablation/data/para_ppl_summary.tsv
80.43267587,0.0,0.0,0.0,0.0,80.43267587,80.43267587,80.43267587,80.43267587,128,1.0,/Users/heshuai/Documents/99_Unsorted_Review/2026-05-15_imported_archives/02_bundle_zip/projects/Transformer-Geometry/Transformer-Geometry/Transformer-Geometry/drawing/para_ablation/data/para_ppl_summary.tsv
38.4437631,0.16755783,4.78868428,13.18399002,7.65847478,43.23244738,51.62775312,46.10223788,38.61132093,128,1.5,/Users/heshuai/Documents/99_Unsorted_Review/2026-05-15_imported_archives/02_bundle_zip/projects/Transformer-Geometry/Transformer-Geometry/Transformer-Geometry/drawing/para_ablation/data/para_ppl_summary.tsv
80.43267587,-0.04580677,23.53393509,194.93773271,9856.01800071,103.96661095,275.37040858,9936.45067658,80.3868691,128,2.0,/Users/heshuai/Documents/99_Unsorted_Review/2026-05-15_imported_archives/02_bundle_zip/projects/Transformer-Geometry/Transformer-Geometry/Transformer-Geometry/drawing/para_ablation/data/para_ppl_summary.tsv
38.4437631,0.19655887,229.01865055,334.41942051,6219.53480889,267.46241365,372.86318361,6257.97857199,38.64032198,128,2.5,/Users/heshuai/Documents/99_Unsorted_Review/2026-05-15_imported_archives/02_bundle_zip/projects/Transformer-Geometry/Transformer-Geometry/Transformer-Geometry/drawing/para_ablation/data/para_ppl_summary.tsv
80.43267587,0.52446744,132.21008489,14938.47916356,500552.58950272,212.64276075,15018.91183942,500633.02217859,80.9571433,128,3.0,/Users/heshuai/Documents/99_Unsorted_Review/2026-05-15_imported_archives/02_bundle_zip/projects/Transformer-Geometry/Transformer-Geometry/Transformer-Geometry/drawing/para_ablation/data/para_ppl_summary.tsv
38.4437631,0.19330092,597.57965784,4730.7963364,222813.79562475,636.02342095,4769.2400995,222852.23938786,38.63706402,128,3.5,/Users/heshuai/Documents/99_Unsorted_Review/2026-05-15_imported_archives/02_bundle_zip/projects/Transformer-Geometry/Transformer-Geometry/Transformer-Geometry/drawing/para_ablation/data/para_ppl_summary.tsv
80.43267587,1.3625435,1457.73567884,4650.39704333,704596.39736317,1538.1683547,4730.82971919,704676.83003903,81.79521937,128,4.0,/Users/heshuai/Documents/99_Unsorted_Review/2026-05-15_imported_archives/02_bundle_zip/projects/Transformer-Geometry/Transformer-Geometry/Transformer-Geometry/drawing/para_ablation/data/para_ppl_summary.tsv
38.4437631,0.19512253,1133.21774558,30942.6352824,1020693.65310108,1171.66150868,30981.07904551,1020732.09686418,38.63888563,128,4.5,/Users/heshuai/Documents/99_Unsorted_Review/2026-05-15_imported_archives/02_bundle_zip/projects/Transformer-Geometry/Transformer-Geometry/Transformer-Geometry/drawing/para_ablation/data/para_ppl_summary.tsv
38.4437631,0.06972939,1722.3163076,55603.59062479,1464414.50781291,1760.76007071,55642.0343879,1464452.95157602,38.5134925,128,5.0,/Users/heshuai/Documents/99_Unsorted_Review/2026-05-15_imported_archives/02_bundle_zip/projects/Transformer-Geometry/Transformer-Geometry/Transformer-Geometry/drawing/para_ablation/data/para_ppl_summary.tsv
80.43267587,2.17013803,4316.38956661,11247.93974753,2436519.25093276,4396.82224247,11328.3724234,2436599.68360863,82.60281389,128,6.0,/Users/heshuai/Documents/99_Unsorted_Review/2026-05-15_imported_archives/02_bundle_zip/projects/Transformer-Geometry/Transformer-Geometry/Transformer-Geometry/drawing/para_ablation/data/para_ppl_summary.tsv
38.4437631,0.28288021,9990.75268724,1021233.51560734,4162696.4016037,10029.19645034,1021271.95937044,4162734.8453668,38.72664331,128,7.0,/Users/heshuai/Documents/99_Unsorted_Review/2026-05-15_imported_archives/02_bundle_zip/projects/Transformer-Geometry/Transformer-Geometry/Transformer-Geometry/drawing/para_ablation/data/para_ppl_summary.tsv
80.43267587,2.85361099,38819.06973537,55960.12775325,6445776.19276563,38899.50241123,56040.56042912,6445856.6254415,83.28628685,128,8.0,/Users/heshuai/Documents/99_Unsorted_Review/2026-05-15_imported_archives/02_bundle_zip/projects/Transformer-Geometry/Transformer-Geometry/Transformer-Geometry/drawing/para_ablation/data/para_ppl_summary.tsv
38.4437631,0.24162429,31802.60791101,2311434.58666805,8144901.96986151,31841.05167411,2311473.03043115,8144940.41362461,38.68538739,128,9.0,/Users/heshuai/Documents/99_Unsorted_Review/2026-05-15_imported_archives/02_bundle_zip/projects/Transformer-Geometry/Transformer-Geometry/Transformer-Geometry/drawing/para_ablation/data/para_ppl_summary.tsv
80.43267587,4.17225953,9663.92671519,1167307.67571348,10317704.96521712,9744.35939105,1167388.10838935,10317785.39789299,84.6049354,128,10.0,/Users/heshuai/Documents/99_Unsorted_Review/2026-05-15_imported_archives/02_bundle_zip/projects/Transformer-Geometry/Transformer-Geometry/Transformer-Geometry/drawing/para_ablation/data/para_ppl_summary.tsv
38.4437631,0.35299114,171879.47839185,9865710.63815682,12935793.32146872,171917.92215496,9865749.08191992,12935831.76523183,38.79675425,128,12.5,/Users/heshuai/Documents/99_Unsorted_Review/2026-05-15_imported_archives/02_bundle_zip/projects/Transformer-Geometry/Transformer-Geometry/Transformer-Geometry/drawing/para_ablation/data/para_ppl_summary.tsv
38.16985382,1.23941864,500018.99084742,16235333.01567465,15863086.73595819,500057.16070124,16235371.18552853,15863124.90581201,39.40927246,2048,15.0,/Users/heshuai/Documents/99_Unsorted_Review/2026-05-15_imported_archives/02_bundle_zip/projects/Transformer-Geometry/Transformer-Geometry/Transformer-Geometry/drawing/para_ablation/data/para_ppl_summary.tsv
38.4437631,0.90824951,435242.39127442,23054061.0709772,14552697.65013799,435280.83503752,23054099.51474029,14552736.09390109,39.35201262,128,17.5,/Users/heshuai/Documents/99_Unsorted_Review/2026-05-15_imported_archives/02_bundle_zip/projects/Transformer-Geometry/Transformer-Geometry/Transformer-Geometry/drawing/para_ablation/data/para_ppl_summary.tsv
38.16985382,2.14992194,922772.94089132,337341124.1897405,17266649.44602195,922811.11074515,337341162.35959226,17266687.61587572,40.31977576,2048,20.0,/Users/heshuai/Documents/99_Unsorted_Review/2026-05-15_imported_archives/02_bundle_zip/projects/Transformer-Geometry/Transformer-Geometry/Transformer-Geometry/drawing/para_ablation/data/para_ppl_summary.tsv
